,x1,x2,x3,x4,x5,x6,x7,Target
0,0.00483873,-0.000446038,0.000896716,-0.0112447,0.00596913,0.000129939,-0.00096579,1
1,0.00371822,0.0122492,0.0096406,0.0,0.00421203,0.012638,0.00477261,1
2,0.00968473,0.000700361,-0.0233741,0.00344141,0.0148652,-0.0135659,0.00431152,1
3,-0.00843765,-0.00196156,-0.00270667,0.0376557,-0.00438181,-7.26e-05,0.00302367,1
4,0.00355724,0.002553,0.0065332,0.0189253,0.0223943,0.00748803,0.00923702,1
5,0.00104211,0.0168338,0.013938,0.0,0.0200708,0.016556,0.0185583,1
6,-0.00697927,-0.00031212,-0.00649712,0.0166087,-0.00341587,-0.00220078,-0.0040045,1
7,0.00622074,0.00929811,0.00889751,0.00459132,0.00142386,0.00821668,-0.00334572,1
8,0.00372922,-0.00388524,-0.00108495,-0.0105321,0.0025691,-0.000617057,-0.00406747,1
9,-0.0101004,0.0151381,0.00277501,0.0102212,0.0210203,0.000783591,0.00685449,1
10,0.00235147,0.00139247,-0.00280388,-0.00248938,0.00115396,-0.00288347,0.000476055,1
11,0.00168288,0.00266661,0.0,-0.00503767,-0.00272499,0.00525017,0.00294918,1
12,-0.00619584,-0.0149042,-0.00709146,-0.004009,0.0227439,-0.00509847,-0.006025,1
13,0.0217835,0.0231777,0.026111,0.00345517,0.0147321,0.0251948,0.0157492,1
14,0.0153012,-0.0136689,-0.00652001,0.00133615,0.0238295,-0.00932009,0.00858289,1
15,0.0104489,0.0168891,0.0185311,0.00407567,-0.0130955,0.0150163,-0.00377093,1
16,0.00495707,0.014512,0.00977199,0.0172479,-0.0053811,0.0150008,-0.00552592,1
17,0.0178407,0.00194524,0.00484967,-0.00784765,0.021482,0.00293229,0.00229629,1
18,-0.00223207,-0.00398085,-0.00116218,0.00901859,-0.00133821,-0.00124504,0.00896192,1
19,0.000342636,0.000877292,0.00285725,0.00383085,0.00100612,0.0028696,0.00598553,1
20,0.00789676,0.0,0.00616038,0.00370077,0.00216253,0.0,0.00122919,1
21,-0.00335055,-0.0075094,-0.00198862,0.0107154,0.0088371,-0.00317724,0.00419627,1
22,-0.00694607,-0.00458089,-0.00860993,0.0266424,0.00200776,-0.00455476,0.000772417,1
23,-0.00836618,-0.00381182,-0.000864943,-0.00994336,0.0068408,-0.00418782,-0.000237889,1
24,0.00131629,-0.00105462,-0.000590212,-0.000438122,-0.00159716,0.00221193,0.00213478,1
25,0.0100945,0.00940083,0.00874529,0.00159096,0.00957049,0.00964188,0.00285303,1
26,0.0290777,0.0264281,0.0266642,0.0116006,0.029166,0.028945,0.0144047,1
27,-0.00513563,-0.0015708,-0.00152887,-0.000677767,-0.0127808,-0.00306653,-0.0054337,1
28,0.00263381,-0.00477658,0.00172199,-0.00703941,0.00772294,-0.00036404,0.000412402,1
29,-0.00259114,-0.00465863,-0.00163262,0.00667749,0.0,-0.00372329,0.00614526,1
30,0.000919076,-0.00455659,-0.0068602,-0.00627528,0.0116241,-0.00656891,0.000917437,1
31,0.000145893,0.00283148,0.00261254,-0.0211036,0.00193291,0.00302371,0.00322638,1
32,0.00501936,0.0097771,0.00691609,9.62e-05,0.00192867,0.00648076,0.00797858,1
33,0.0157099,0.02404,0.0210386,-0.00617474,0.0275737,0.0178623,0.0127187,1
34,0.00253019,0.0,0.00132954,0.00537468,0.00989837,0.0,0.005386,1
35,-0.00269416,-0.006949,-0.0107987,0.00102854,-0.00242023,-0.00775805,-0.0101518,1
36,-0.0114757,-0.000204728,-0.00332924,0.0186609,-0.00891802,0.002504,0.00816049,1
37,0.00770924,-0.000662468,0.0111443,0.05026,-0.00350532,0.00619388,0.0186892,1
38,-0.00147894,-0.0050308,-0.00273147,0.008266,-0.000563101,-0.00243455,0.00989602,1
39,0.0118254,0.016996,0.0183247,0.00512565,0.0137324,0.0202595,0.0100004,1
40,0.00198134,0.000291641,-0.00650105,0.00274068,-0.00895974,0.000450926,-0.00663054,1
41,0.00277791,-0.00939574,-0.00434427,-0.0157001,-0.00107387,-0.00415601,-0.00647366,1
42,0.00534469,-0.00308145,-0.00302228,0.0068293,-0.00924002,-0.00373859,-0.000926974,1
43,-0.00101105,-0.014345,-0.00755335,0.00994424,0.00540335,-0.0100882,-0.0105369,1
44,0.00171131,0.00169702,-0.000785083,-0.00172737,0.0144916,-0.000303826,0.00128843,1
45,-0.00101943,-0.00541835,-0.0104806,0.0172231,0.000980505,-0.00889712,0.0025157,1
46,-0.00371088,-0.0117446,-0.00624406,-0.00122305,-0.00464446,-0.0101997,-0.00184614,1
47,0.00236661,0.00674202,0.00419852,-0.00794087,-0.00614607,0.00495771,-0.0014647,1
48,0.0135239,0.0241328,0.0196294,-0.0101698,0.0,0.0204487,0.00798496,1
49,0.00772939,0.00745902,0.0109676,0.000574402,0.00479557,0.0079555,0.000465516,1
50,0.0190992,0.0175088,0.0196014,0.0,0.0150588,0.016419,0.0107368,1
51,0.0152256,0.0176062,0.0159514,-0.000421067,0.0222464,0.0134112,0.0161591,1
52,-0.00308846,-0.00286952,-0.00372373,-0.0200791,0.00291365,-0.00205212,0.00351221,1
53,0.0031304,0.00155389,0.00461188,0.00152402,0.00670439,0.00429702,0.00832317,1
54,0.00763333,-0.00357116,-0.00315047,-0.0118866,-0.00184584,-0.00264951,-0.00578872,1
55,0.000120447,2.62e-05,0.000132683,-0.00615607,0.00658817,-0.000690329,0.00326644,1
56,-0.00595934,0.019607,0.0114298,-0.0104137,-0.00611345,0.0159015,0.0017334,1
57,0.0,0.021227,0.0289135,0.00766042,0.0195239,0.0263629,0.0155869,1
58,-0.00451569,-0.0157228,-0.0117772,-0.0250407,0.0117241,-0.0162125,-0.0087413,1
59,0.00609331,0.0110412,0.00564129,-0.00101738,0.00274846,0.00760794,0.00288859,1
60,0.00383541,-0.00168005,0.00232709,0.00521977,-0.00435122,0.00230703,0.000968207,1
61,-0.00890285,0.00925167,0.00618526,-0.0105224,0.00619463,0.00699016,-0.00380953,1
62,-0.00129577,-0.00829237,-0.0183718,-0.0114117,-0.00710503,-0.0100879,-0.010442,1
63,-0.0128019,0.000159498,0.000600837,-0.0289816,-0.0160406,-0.00189818,-0.00945269,1
64,-0.00138258,-0.0187278,-0.0116417,0.00897946,-0.00312953,-0.017037,-0.0132763,1
65,-0.0191266,-0.0180304,-0.0159358,0.0121163,-0.0287073,-0.0137765,-0.0148555,1
66,0.00421206,0.00963468,0.00866505,-0.00599245,0.0,0.0070969,0.00501853,1
67,0.00148405,0.00476618,0.00365138,-0.0134107,-0.0154618,0.00562716,0.00789539,1
68,0.00508233,0.000847123,-0.000991624,-0.00468266,0.00308985,-0.00158653,-0.00595858,1
69,7.51e-05,0.00468403,-0.0242769,0.0288527,0.0,-0.0137625,-0.00182751,1
70,-0.00340313,0.00328478,-0.00992397,-0.0114223,-0.0158306,-0.00726498,-0.00656638,1
71,-0.00402995,-0.011679,-0.00760331,-0.000406925,0.0,-0.0109511,-0.00345689,1
72,0.0128601,0.00990584,0.00556926,0.0120654,0.0196391,0.0123603,0.00297106,1
73,0.000737463,-0.00210561,-0.00430424,0.0153513,0.00351505,-0.00336528,0.00423358,1
74,-0.008568,-0.0171803,-0.00876504,0.00759102,-0.00721288,-0.00832487,-0.00142689,1
75,-0.00539328,-0.00307586,0.00397668,-0.00867426,0.00267161,0.000432349,-0.00531888,1
76,0.0,-0.00587667,0.00573179,0.0,0.0,0.000520113,0.0111113,1
77,0.000910538,-0.000283137,0.0051736,0.00222021,-0.00555601,0.00294485,0.0029709,1
78,0.00631912,-0.000672343,0.00147551,-0.0234696,0.00856412,-0.000698728,-0.0084052,1
79,0.0101073,0.020342,0.00955362,0.00453541,0.0108428,0.0136415,0.011575,1
80,-0.0217472,-0.00960869,-0.00597916,0.00202809,-0.00820542,-0.0118346,-0.00557936,1
81,-0.00053348,-0.00556057,-0.00589917,0.0,0.007575,-0.00640233,-0.00436639,1
82,0.00958032,0.00854398,-0.00286746,-0.000979474,0.00775747,0.00712586,0.00830965,1
83,-0.000155215,0.00300462,-0.00332558,0.0266935,-0.00325562,-7.34e-05,0.00361627,1
84,-0.00589405,-0.00477771,-0.00317089,0.000931112,-0.00427095,-0.00395315,0.00312478,1
85,0.0206434,0.00214176,-0.0135996,0.00289424,0.0158441,-0.00420478,0.00601251,1
86,0.00349708,-0.00137165,-9.08e-05,-0.00802042,-0.00885881,0.00224752,-0.00514889,1
87,0.0113667,0.0103412,0.012409,0.0269555,0.0205848,0.010857,0.0230924,1
88,-0.000364488,-0.0019534,-0.00279388,-0.00074214,-0.0065405,-0.00338583,-0.00488258,1
89,-0.0167877,-0.00149993,-0.0115478,0.0,-0.00661218,-0.00606873,0.0041647,1
90,-0.00810914,-0.0108079,-0.0183382,-0.00395784,-0.0212286,-0.0061643,-0.0128325,1
91,-0.00625867,-0.006994,-0.00724,0.00975347,-0.0292155,-0.00585889,-0.00324816,1
92,-0.0027484,-0.000643384,-0.00368789,0.0,-0.00415202,-0.00347317,-0.00235416,1
93,0.00580479,0.00888523,0.0042965,0.011616,-0.00313608,0.00599446,0.0117534,1
94,-0.0170804,-0.0181354,-0.0174245,0.0131312,-0.0111653,-0.0165594,0.00113875,1
95,0.0128895,0.00971133,0.00681819,0.0161424,0.00883843,0.00922684,0.001154,1
96,0.0124222,0.00722033,0.00712345,-0.0116335,0.00611366,0.00540311,0.0017254,1
97,-0.0295776,-0.038856,-0.0248176,-0.00643722,-0.0101201,-0.0261489,-0.00483702,1
98,-0.0036481,0.0032196,-0.00352082,0.0189609,0.000237154,-0.00261846,0.00503486,1
99,-0.00140197,0.0014366,0.0,0.000360093,0.00578571,0.00418611,-0.000190542,1
100,-0.0437323,-0.0415944,-0.0252126,0.00192572,-0.0298212,-0.0331451,-0.00835785,1
101,0.00849859,-0.00346852,-0.00430609,-0.00642302,0.00577896,-0.0014659,0.00811716,1
102,-0.00256737,-0.0029593,-0.00470539,0.0,-0.00693114,-0.00263623,0.000791961,1
103,0.00226124,-0.00994596,-0.0102032,-0.012792,0.0,-0.0129001,-0.00317965,1
104,0.00339136,-0.0117263,-0.000465999,-0.0400613,0.0282832,-0.00556096,-0.0194238,1
105,4.26e-05,-0.0023416,-0.00674693,0.0100229,0.000300217,-0.003988,0.00332249,1
106,-0.00660836,-0.00809177,-0.012871,0.0,0.000693465,-0.0136544,-0.0133842,1
107,-0.000468443,0.00158741,-0.000711078,-0.00547543,-0.0132915,0.000538703,-0.00178435,1
108,0.00775228,0.0167388,0.0114556,-0.00783279,0.000950201,0.0108474,-0.00274605,1
109,0.00214464,0.00503887,0.00184454,-0.00271406,0.000718856,0.00249715,0.00688119,1
110,-0.0152785,-0.0098414,-0.0018984,0.0188179,-0.0169817,-0.00655222,-0.00322725,1
111,0.00238645,-0.000782335,-0.00286974,0.00534272,-0.0017531,-0.00251091,8.92e-05,1
112,-0.00808491,0.00551178,0.00429844,-0.00395627,-0.0135519,0.00581144,-0.00164429,1
113,0.00744212,0.0133467,0.0089054,0.00334861,0.0177539,0.0108928,0.00769598,1
114,-0.00568354,-0.00308654,-0.00449342,0.0137849,0.00905036,-0.00465391,0.00553358,1
115,0.0152619,0.0185752,0.0199278,-0.00114014,0.0114652,0.0188085,0.00391051,1
116,0.00074922,0.00264372,-0.00535111,-0.00114779,0.00559025,-0.00374242,-0.0147596,1
117,-0.00333382,-0.00673654,-0.00501283,0.0032649,0.00461089,-0.00405182,-0.000743823,1
118,-0.0129921,-0.0040516,0.00132248,-0.00267514,-0.00572505,-0.00193892,0.00511012,1
119,0.0130352,0.00507535,-0.0259399,-0.033259,-0.00610478,0.000863421,-0.00758687,1
120,-0.00126939,0.000355312,-0.00379465,0.017195,0.00204852,-0.00196108,-0.000640049,1
121,0.00685647,0.0094911,0.00817124,0.00784552,0.00809607,0.00787208,0.0132756,1
122,0.00739886,0.00690737,0.00394385,0.0159094,0.021568,0.00597375,0.003337,1
123,-0.0173143,0.00304773,-0.00484945,0.000585715,0.0176013,-0.000316987,0.0113251,1
124,0.00381142,-0.000783252,-0.00190577,0.0,0.010223,-0.0028119,-0.00408514,1
125,0.00721762,0.00374051,0.00683217,-0.000185275,-0.0013095,0.00382699,-0.00522797,1
126,1.69e-05,-0.00383461,-0.00780156,-0.00253268,0.016534,-0.00624031,0.00283012,1
127,-0.0117865,-0.0172358,-0.00975636,0.00771403,0.000414922,-0.0139863,0.000255686,1
128,0.0058227,0.0107742,0.0077525,-0.0142848,0.0104725,0.00898664,0.00319135,1
129,0.00242304,-0.0143676,-0.0132721,0.00421026,0.0,-0.0141071,-0.00735304,1
130,0.0133497,0.0164341,0.00872423,0.00230767,0.0102602,0.0110805,-0.00262147,1
131,-0.0118882,-0.0183972,-0.0138569,0.0156983,0.00792914,-0.0122744,0.0105773,1
132,-0.00149831,0.0036825,0.00454609,-0.00414712,0.00955747,-0.000809664,0.00213008,1
133,0.00366564,-0.00718749,-0.00368275,-0.0134774,0.00416971,-0.00846942,-0.00447854,1
134,0.0207413,0.0156512,0.0247029,0.0324037,0.024161,0.0203958,0.0224185,1
135,0.00486832,-0.00454911,-0.0113204,-0.00711465,-0.00695287,-0.0101275,-0.00727536,1
136,-0.00212515,0.0059722,-0.0040453,0.0142505,-0.0072281,-0.000620243,-0.00264603,1
137,-0.0353154,-0.0196734,-0.00992282,-0.00543789,-0.0125543,-0.0121596,0.00967787,1
138,0.0113519,-0.00695025,-0.00171076,0.0,0.0182535,-0.00320276,0.00719669,1
139,-0.0197344,-0.024931,-0.0234609,-0.0135465,-0.0486461,-0.0216144,-0.0259506,1
140,0.00902434,0.0224859,0.0124196,-0.00955408,0.0125841,0.016101,0.00300927,1
141,0.00367628,0.00824579,0.00327432,0.0245422,0.00781192,0.00309408,0.00552435,1
142,0.00303751,-0.00342095,0.0036776,0.0153629,0.00382684,0.000477297,0.00371215,1
143,0.00693534,0.00795433,0.0101543,-0.000216686,0.00118312,0.00803001,0.00432518,1
144,0.0255144,-1.17e-05,-0.0023268,-0.0112442,0.017663,0.000555776,0.0034443,1
145,-6.4e-05,-0.00116087,-0.000898172,0.0062745,0.00134322,-0.00235552,0.00441103,1
146,-0.00137728,-0.013152,-0.00468989,-0.00288433,0.000998688,-0.00984571,-0.00670868,1
147,0.0,0.0145942,0.0147146,0.00209003,0.0,0.0126187,0.00594734,1
148,0.0290798,0.0119324,0.00912087,0.0109074,0.0252165,0.0151739,0.0100205,1
149,0.00307089,-0.00118625,0.000345034,0.00261955,0.00168569,-0.000580515,0.00103859,1
150,0.0210294,0.00341124,-0.000852301,-0.0242038,0.0101881,0.000107111,-0.00727657,1
151,0.00738652,0.0132392,0.0114317,0.0138318,0.0107981,0.0119162,0.0134516,1
152,0.0232225,0.00813822,0.00301347,0.000813447,0.0142061,0.00659392,0.00718841,1
153,0.0154193,0.0130296,0.0210944,0.00140586,0.0164739,0.0196792,0.00243869,1
154,0.0134834,0.00160831,0.00690488,0.0074956,0.0029556,0.00272753,0.00776075,1
155,-0.0136244,-0.00572958,-0.0111623,-0.0391761,-0.0080255,-0.00947019,-0.0159684,1
156,-0.00159496,-0.00456147,-0.00985303,0.0137334,0.00921868,-0.00831802,-0.00441564,1
157,0.00641803,0.00758003,0.00404153,-0.0220714,0.0,0.00618009,-0.00364146,1
158,-0.0101672,-0.00853219,-0.013247,0.00361737,-0.012229,-0.0106446,0.00108577,1
159,0.00644194,-0.012279,-0.00302053,-0.026009,0.00217772,-0.0118229,-0.00972294,1
160,-0.0100743,0.00696346,0.00330831,-0.0122127,-0.00985843,-0.000177944,-0.00555836,1
161,-0.016258,-0.0177277,-0.0140032,-0.0153391,-0.0157637,-0.0151129,-0.0125911,1
162,0.00436659,-0.010064,-0.00997263,0.0139341,-0.000572158,-0.010571,-0.00222121,1
163,-0.0202685,0.0145646,0.0,-0.00920246,-0.012559,0.0104106,0.00741411,1
164,0.0,0.0,-0.0246557,-0.0135962,-0.0488296,-0.030935,-0.0383228,1
165,0.0,0.0,0.0,-0.00443637,0.0,0.0,0.00587964,1
166,0.0,0.0,0.0,0.00470357,0.0,0.0,0.00445222,1
167,0.00077105,0.000196517,0.0,-0.00613699,0.00350402,0.000208575,-0.000195527,1
168,-0.00327827,0.00180547,0.00128613,-0.000649026,0.00587181,-0.000537831,-0.0015374,1
169,0.00581932,0.000757244,0.00804045,0.0068469,0.00424365,0.00415798,-0.00114475,1
170,-0.00208316,-0.0149233,-0.0121834,-0.00954354,0.00494255,-0.0140501,-0.00692766,1
171,-0.010048,0.00132185,-0.00300293,0.00956302,0.0285508,0.00303193,0.0177644,1
172,0.0212176,-0.00735742,-0.00642245,0.021228,0.0364316,-0.00649188,0.013359,1
173,0.000195328,-0.00904344,-0.0073278,-0.00864977,0.00426639,-0.00746846,0.000340849,1
174,0.0114182,0.00202978,0.000798148,-0.00749181,0.0260931,0.00119866,-0.00128365,1
175,0.0036207,0.0126077,0.00842601,0.0,0.00148512,0.00790874,0.00152613,1
176,0.00553786,0.0347868,0.0378911,-0.0081816,0.00983816,0.0327996,0.0103197,1
177,-0.0340325,-0.0473834,-0.0509452,0.00291235,-0.0403016,-0.0452202,-0.00867665,1
178,-0.0316358,-0.0247841,-0.0219015,-0.00465794,-0.0484669,-0.0275187,-0.0197741,1
179,0.000514944,0.00681129,0.00659829,-0.00257333,-0.00308158,0.00813522,0.00106852,1
180,-0.014387,-0.0173065,-0.0176703,-0.00844669,-0.0244223,-0.0200065,-0.0153,1
181,-0.0103044,-0.0167645,-0.0166326,-0.00267185,-0.0114945,-0.0152145,-0.00600692,1
182,-0.0101176,0.00421631,0.00264328,0.00210504,-0.0205641,0.00119383,-0.0187367,1
183,-0.00322008,-0.00686828,-0.00309913,-0.0054381,0.00724075,-0.00585246,-0.00311679,1
184,-0.00164572,-0.00144843,0.00210358,-0.0065249,0.000219047,0.000888,-0.000207937,1
185,-0.0162013,-0.0038099,-0.00988051,-0.0122964,-0.000277692,-0.00796096,-0.00691279,1
186,0.0109162,-0.0061834,-0.00812111,0.00179865,0.0109397,-0.00812487,0.000723629,1
187,0.0,-0.000472672,-0.0029971,-0.0179196,-0.0122516,-0.00546489,-0.0142969,1
188,0.00656317,0.00566172,0.00914954,0.00279617,0.0081557,0.00705834,-0.00232616,1
189,-0.00608875,-0.00141636,-0.00409774,-0.0188362,-0.00299382,-0.00551361,-0.00499791,1
190,-0.0144379,-0.00437002,0.0045268,-0.0187487,-0.00673146,0.000375835,0.00200541,1
191,0.0430347,0.05163,0.0503227,0.0158996,0.0402473,0.0670425,0.0253176,1
192,-0.000175654,-0.00024674,0.00123143,0.0207081,-0.00395861,0.00106467,0.00975627,1
193,-0.0114786,-0.0487468,-0.032706,-0.0188692,-0.0258794,-0.037924,-0.0272944,1
194,0.00399328,-0.00248389,-0.000596923,-0.00465043,-0.00393824,-0.000359589,-0.00637465,1
195,-0.0129027,0.00382845,0.0145066,-0.0023284,0.000217155,0.00944534,0.00888012,1
196,-0.0503686,-0.0351701,-0.0221822,-0.00290167,-0.0214396,-0.0243878,-0.0021391,1
197,-0.0118808,-0.0100428,-0.0194922,-0.00133817,-0.0229062,-0.0133551,-0.00960511,1
198,-0.0230528,-0.0204788,-0.00971266,-0.031666,-0.00853829,-0.0072013,0.00224254,1
199,0.0150953,0.0135667,0.0169206,-0.00249425,0.0162778,0.0145108,0.00677113,1
200,-0.000545889,0.0103821,0.00929514,0.0329388,0.000796509,0.0105006,0.0160656,1
201,0.00242357,0.00430723,0.0045025,0.0159549,-0.00833184,0.0054997,0.00231268,1
202,0.0,0.0,-0.00208241,0.00744363,0.0,-0.00586067,-0.00241669,1
203,-0.00298992,-0.0103452,-0.013141,-0.018885,0.00537044,-0.0131762,-0.00206835,1
204,0.0,0.0033293,0.00285411,0.00697979,0.0210126,0.00287353,0.0139288,1
205,0.00596407,-0.00517206,-0.00205682,-0.0115348,0.0152507,-0.00339961,0.000105052,1
206,0.00119545,-0.00977424,-0.00806518,-0.0112635,0.00015752,-0.0092171,-0.00487016,1
207,0.024628,0.0314114,0.0179852,-0.0258445,-0.000691001,0.0201038,-0.0134014,1
208,-0.0032402,0.000460915,-0.00380254,0.00196813,-0.00326564,-0.00054988,-0.00143045,1
209,0.012737,0.0131626,0.0219288,0.0179073,0.0026067,0.0190005,0.0116477,1
210,0.00289297,-0.0180355,-0.0153726,-0.0292863,-0.0184856,-0.021005,-0.02729,1
211,0.0393201,-0.0103931,-0.00894738,-0.014695,0.0,-0.00944703,-0.0118811,1
212,-0.00457344,0.018302,0.00412063,0.00257222,-0.0136223,0.00679058,-0.0131024,1
213,0.00310937,0.00040922,0.0150696,0.00847004,0.00921035,0.0105305,0.00750497,1
214,0.00603285,0.00370592,-0.00191047,-0.0213391,0.00403614,0.000769452,0.00157399,1
215,-0.0199674,0.00623261,0.00678871,0.0333626,-0.00936315,0.003375,-0.00665435,1
216,-0.0088932,0.00373028,0.00276157,-0.000333813,0.0027984,0.00161248,-0.00249717,1
217,-0.000950817,-0.00276434,-0.00679031,-0.014634,-0.00435106,-0.0033031,-0.00334226,1
218,0.00422899,0.0100032,0.00617832,0.0268025,0.0,0.0104604,0.0103103,1
219,-0.0223898,-0.00902797,-0.00603493,-0.0258983,-0.000754774,-0.00819944,-0.0123846,1
220,-0.00483717,-0.0108377,-0.00436733,-0.00373427,0.00890894,-0.00954036,0.000318169,1
221,0.00035387,-0.0236406,-0.0257549,-0.0310677,-0.0122757,-0.0264484,-0.0275903,1
222,-0.0146188,-0.012635,-0.0151676,-0.0134224,-0.0125976,-0.0153702,-0.00973058,1
223,0.000116725,-0.00633991,-0.00534292,0.0134694,0.00599028,-0.00410648,-0.00199921,1
224,-0.00104637,-0.00589109,-0.00113909,0.0269836,-0.00612848,-0.00270824,0.00801882,1
225,-0.00324575,-0.0182853,-0.0228547,-0.0205711,0.00491112,-0.0224017,-0.00681967,1
226,0.00163087,0.00559637,0.00857103,-0.0250594,0.0139593,0.00423976,0.0142536,1
227,-0.0328885,-0.00845901,-0.0152603,0.0,-0.0233787,-0.0177065,-0.0135541,1
228,0.0,0.00283619,0.0,-0.00583867,-0.0193139,-0.00243516,-0.0158822,1
229,0.00792346,0.00543406,0.00501931,-0.0307449,-0.00879925,0.00109742,-0.007926,1
230,-0.00467931,0.00219342,0.00389438,0.0,0.0311902,0.012698,0.0285245,1
231,-0.0448992,-0.0479224,-0.0451312,-0.0209479,-0.044516,-0.0464206,-0.0363747,1
232,-0.0238465,-0.0253996,-0.0220777,0.0147064,7.86e-05,-0.0182614,-0.00615013,1
233,0.00566714,0.00599502,0.00134926,-0.000900703,0.0181217,0.00163979,0.006657,1
234,0.0308501,0.00869466,0.00998024,-0.00627255,0.0194503,0.0129382,0.000986979,1
235,-0.0336811,-0.0202559,-0.0247735,0.0177232,-0.0147502,-0.0231086,0.000408697,1
236,-0.0016699,-0.00556984,-0.0112404,-0.0238142,-0.00565724,-0.011371,-0.00794518,1
237,0.0,0.0135603,0.0,-0.00387935,0.0199701,0.00693029,-0.0053315,1
238,0.000732597,0.00196831,0.00662145,-0.00388953,0.0,0.0039204,0.00222803,1
239,0.00244282,0.00695291,-0.00577677,0.044514,0.000257732,0.00395046,0.0128157,1
240,-0.0121766,-0.0149429,-0.00693718,-0.0046616,-0.0161454,-0.0114541,-0.00182614,1
241,0.000842168,0.0020764,0.00493922,0.00612938,-0.00721964,0.00359452,5.08e-06,1
242,0.00218419,0.00730372,0.00619661,-0.0207356,-0.00352942,0.00674318,-0.00823525,1
243,0.00451432,0.00859883,0.00681322,-0.000353026,0.00577552,0.00795502,0.00285218,1
244,0.02549,0.0400197,0.0197898,0.016172,0.023923,0.0229885,0.0299783,1
245,0.0129558,0.00244193,0.003822,-0.00190297,0.024479,0.00281265,0.0129605,1
246,0.00391515,0.00289275,0.00214684,0.0281518,-0.00534331,-0.00112841,0.00416555,1
247,0.00437011,-0.0014474,0.00606051,0.0168958,0.00877988,0.00707027,0.00877387,1
248,0.0149127,-0.00660506,-0.00201263,-0.0248079,0.0349041,-0.000833535,0.00112439,1
249,0.0013283,-0.0195506,-0.0143347,-0.0504476,0.0303136,-0.0120704,-0.0234287,1
250,0.0,-0.0178336,-0.00417079,-0.0234115,-0.0408993,-0.015088,-0.0241072,1
251,-0.0118787,0.00166443,-0.00315189,-0.0139539,-0.0116982,-0.0026169,-0.0113773,1
252,0.00449402,0.00582598,0.0076342,0.00425193,0.00887357,0.00538219,0.00421163,1
253,0.0230226,0.0242508,0.0146023,0.00715105,0.0219162,0.0181311,0.0163986,1
254,-0.00260985,-0.0147342,-0.012573,-0.000138779,-0.00141257,-0.00971429,0.00349532,1
255,0.0234754,0.0528292,0.0373891,0.00843492,0.0516744,0.0365485,0.0303115,1
256,-0.00688296,0.037813,0.00491313,0.0332887,-0.00424505,0.0175559,0.0234053,1
257,6.35e-05,0.00216077,-0.0105941,-0.0165051,0.00834398,-0.00616591,-0.00329498,1
258,0.0036949,-0.00372592,-0.00241317,0.00895584,-0.0169152,0.00156935,-0.00764955,1
259,-0.00509948,-0.00498219,0.00132829,0.00748216,-0.0125321,-0.00162835,-0.00174715,1
260,0.0237839,0.0225982,0.0143105,0.0050089,0.026378,0.0168389,0.0103309,1
261,-0.00942544,-0.0162727,-0.00713978,0.0,-0.00508154,-0.00989341,-0.0037292,1
262,-0.00379893,-0.0101318,0.0,0.0,0.00524364,0.00472239,0.00403583,1
263,0.000545376,0.000409408,0.00135716,0.00463451,0.00693772,0.000585708,0.00532962,1
264,0.0130442,0.0236647,0.0424566,-0.0154846,0.00669292,0.0339053,0.00783422,1
265,0.00437682,0.0124141,0.00931351,0.00598918,0.00893439,0.0105751,0.00434366,1
266,-0.00129911,0.000958129,0.00434194,-0.00109016,-0.00307211,-0.000184585,0.00295121,1
267,0.013646,0.023858,0.0091998,-0.00164094,0.0123257,0.0129054,0.00716741,1
268,0.00524239,0.00760516,0.00556856,0.0,0.00462024,0.00182467,0.00478062,1
269,0.0,0.00919599,0.0117423,0.00153364,0.00439487,0.0109948,0.00240588,1
270,-0.0127409,-0.024723,-0.0108374,0.00579829,-0.0189897,-0.0134437,-0.00611657,1
271,-0.0207422,-0.0142389,-0.0112749,0.00135758,-0.0119417,-0.0126153,-0.000957736,1
272,-0.00610934,-0.00425509,0.000570782,-0.0267423,0.00514943,-0.00203401,-0.00059241,1
273,0.00549224,0.00420353,0.00710097,0.0112409,0.0180771,0.00472719,0.00393088,1
274,-0.0013798,-0.0222952,-0.0209817,0.0085721,-0.00467188,-0.0201189,0.000543172,1
275,0.0143639,0.0205356,0.0161628,0.00213379,0.0197198,0.0141232,0.0156929,1
276,-0.0191534,0.00303814,0.0010195,0.0136496,-0.000945645,0.00359613,0.0163607,1
277,0.00880606,0.01458,0.0166587,0.0130516,0.0,0.0155833,0.0100258,1
278,-0.00404853,0.000957052,0.00757427,-0.00685286,-0.0104781,0.00566602,-0.00146846,1
279,-0.00806742,-0.0124954,-0.00661951,-0.00246683,0.00221884,-0.00841922,0.00492546,1
280,0.00404324,0.0122021,0.011561,0.0318665,-0.0203347,0.0123107,0.0114554,1
281,-0.0304691,-0.0178331,-0.0287346,0.0172929,-0.0358986,-0.0170728,-0.0200154,1
282,-0.0036697,-0.0115843,-0.00307497,-0.0197719,-0.00314456,-0.00987618,-0.00249624,1
283,0.00311081,-0.00272182,0.00402802,0.00253461,0.00278006,0.00131582,0.00806674,1
284,-0.00421207,0.00664764,0.00315074,-0.0179878,0.0,0.00388171,-0.0174377,1
285,0.00250008,0.00133647,0.00333064,0.00737285,-0.00541453,0.00138054,0.00412993,1
286,0.0291995,0.0302285,0.0253503,0.000802976,0.0484072,0.0270375,0.0274352,1
287,0.0,-0.0044695,-0.00531336,-0.00399616,-0.0165134,-0.00582291,-0.00908814,1
288,-0.0142977,0.0145648,0.00847703,0.000671928,-0.0327416,0.01374,-0.00241906,1
289,-0.0315083,-0.033893,-0.0315471,-0.0127977,-0.0356131,-0.034903,-0.0210329,1
290,-0.0272632,-0.026406,-0.0214925,0.00449379,-0.0332741,-0.024443,-0.0106736,1
291,0.00709582,0.0204025,0.015041,0.00158258,0.0,0.0169232,0.0118022,1
292,0.00616603,0.00114381,-0.000187022,0.000146452,-0.00834473,0.000570854,-0.00528079,1
293,0.00610364,0.00245387,-0.000795074,-0.00995459,0.012663,-0.000715553,0.000977497,1
294,0.0386891,0.0275041,0.0217243,0.0612293,0.0637915,0.0156414,0.0478045,1
295,0.000826575,-0.00640321,-0.0057202,0.0121858,-0.00851941,-0.00511961,0.00310674,1
296,0.00774906,0.0113572,0.00472612,-0.00281927,0.0132121,0.00842248,0.00667894,1
297,-0.0108822,-0.0190333,-0.00781482,0.00679955,-0.0118607,-0.0111147,-0.00205645,1
298,0.0219952,0.0236724,0.0178268,0.00200425,0.026754,0.0190479,0.01784,1
299,0.0056248,-0.000815511,0.00141521,0.0185326,0.00486581,9.16e-05,0.00617626,1
300,0.00285522,-0.00736582,-0.0105848,-0.0194109,0.0137777,-0.00795352,-0.00231073,1
301,-0.000532907,-0.0156367,-0.0174543,-0.0151339,-0.0162893,-0.0197393,-0.0190914,1
302,-0.00170563,0.0154374,0.00871515,0.00127704,-0.00685817,0.00999393,-3.32e-05,1
303,-0.00021737,0.00277588,0.00147649,0.00806029,-0.00781467,0.00160195,2.82e-05,1
304,0.00192291,0.00287211,-0.000723066,0.00056828,0.00562792,0.000571574,0.00693787,1
305,0.00650322,0.0270074,0.011751,0.00425394,-0.00285468,0.021006,0.0169915,1
306,-0.0135168,-0.0148709,-0.014025,-0.0132456,-0.00284547,-0.0156216,-0.00544791,1
307,0.0162332,0.00393191,7.09e-05,-0.0111693,0.0241278,-0.00413909,0.00207251,1
308,-0.00164795,0.000879893,-0.00340283,-0.000683311,-0.00887097,7.76e-05,-0.00529213,1
309,0.000685109,-0.00318231,-0.0027558,-0.00809084,0.00251758,-0.00333741,-0.00379937,1
310,-0.0180137,-0.0074034,-0.014131,-0.0113558,-0.0200825,-0.0104778,-0.00991192,1
311,0.042572,0.00501119,-0.00772887,-0.0205613,0.0335321,-0.00333856,-0.00509224,1
312,0.00598368,0.00601419,0.000860511,-0.00721348,0.0067978,0.000681404,-0.000892236,1
313,-0.0198799,-0.0115958,-0.00188502,-0.0034229,-0.0232827,-0.00506289,-0.0023887,1
314,0.0230526,0.00850682,0.00636383,0.0182685,0.0187236,0.0045644,0.0164176,1
315,-0.0241437,-0.00629823,-0.0159014,-0.00283538,-0.00777347,-0.0109735,-0.00556586,1
316,-0.0009505,0.0136987,0.0128303,0.0,0.00133309,0.0133644,0.0164448,1
317,-0.000556094,0.00256511,0.0038448,0.0179669,0.00478355,0.000989027,0.00333261,1
318,0.00936138,0.0188295,0.0174379,-0.00205425,0.015573,0.0159489,0.0108307,1
319,0.00230407,0.00292536,-0.00094518,-0.0285591,0.00642442,-0.000397087,-0.0146766,1
320,-0.00332338,-0.00126627,0.00178972,-0.0145966,-0.0300224,0.000550359,-0.0148596,1
321,-0.0434633,-0.0515376,-0.0323337,0.0193602,-0.0272681,-0.0374652,-0.00867184,1
322,0.00224177,0.00395298,-0.000687095,0.00735233,-0.00962277,0.00191942,-0.0011489,1
323,0.00259991,-0.00142248,-0.00387392,0.000963295,0.00343162,-0.00135864,0.00213372,1
324,0.0147655,0.00746126,0.00711079,-0.00591354,0.0193788,0.0080329,0.00199194,1
325,0.00440668,-0.00284236,0.00795229,0.00371587,0.0114423,-5.64e-05,0.00517492,1
326,-0.00987777,0.0122809,0.00828322,-0.0209834,-0.00283991,0.0100725,-0.00631476,1
327,-0.0027897,-0.000319582,-0.00642316,-0.00170793,-0.0238955,-0.00302406,-0.0142486,1
328,-0.00352216,0.0227413,0.0289609,0.0176612,-0.0105126,0.0266777,0.0102539,1
329,-0.00642739,-0.00522918,-0.0318608,-0.00695116,0.00640966,-0.0202991,0.00129031,1
330,0.0,-0.0120493,-0.00982075,-0.0138691,-0.00616405,-0.0105267,-0.0139548,1
331,-0.00291779,-0.0118868,-0.00521544,-0.0118755,0.0061554,-0.00618667,-0.00486019,1
332,-0.00199038,0.00855873,0.00807916,0.00572828,-5.2e-05,0.00924254,0.00502498,1
333,-0.0241272,-0.0262974,0.0,0.0,-0.0340973,-0.0307224,-0.0125064,1
334,-0.00749663,0.00815273,0.00736178,0.00493788,-0.00384198,0.00565677,0.000366897,1
335,0.0265407,0.0293059,0.0147876,0.0158456,0.0392825,0.0191267,0.0323381,1
336,-0.0122533,-0.00394326,0.00673687,0.00153965,-0.0164036,-0.000778076,0.00392,1
337,0.0259622,-6.1e-05,0.0105732,0.0130504,0.0048923,0.00163058,0.000841483,1
338,0.00601198,0.0084262,0.0101661,0.0149729,0.0140393,0.0105567,0.0094689,1
339,-0.0245599,-0.020456,-0.0147454,-0.0315104,-0.0253912,-0.0192533,-0.0297724,1
340,0.0176529,0.0273747,0.0162964,-0.0252989,0.0157968,0.0176151,-0.00319167,1
341,0.00137544,0.00033348,-0.00273612,0.000363777,-0.00467683,-0.00214676,-0.00453671,1
342,-0.0103123,-0.000774776,0.00184003,-0.00682961,-0.0303051,-0.000105516,-0.0106818,1
343,0.0330068,0.044182,0.0237478,0.005594,0.0387247,0.0299742,0.0221041,1
344,0.00202553,0.00572001,-0.00416427,-0.0087258,0.00192305,-0.00085113,-0.0031618,1
345,0.00140435,0.0118825,0.0143522,0.00237987,0.00576066,0.0138246,0.00774579,1
346,0.00148168,-0.00324223,-0.00893617,0.00857076,0.000798687,-0.00443828,0.000130577,1
347,-0.0205247,-0.0131919,-0.00672284,-0.00108438,-0.0161431,-0.0131921,-0.00673086,1
348,-0.00567701,0.0153975,0.019522,0.00661347,0.016855,0.0193456,0.021562,1
349,-0.00247145,-0.00567126,-0.00220068,0.0143646,0.0133418,-0.0033579,0.000403137,1
350,0.0190529,0.00671664,0.00345923,-0.0129714,0.0140297,0.00645004,0.00236358,1
351,-0.00150934,-0.011687,-0.00424487,-0.0112398,0.00510644,-0.00919071,0.00331358,1
352,0.0108663,-0.000797661,-0.00347479,0.0481481,0.00492178,-0.00264181,0.0063445,1
353,0.000452076,-0.00701347,-0.00565089,6.7e-05,-0.00458209,-0.00670278,-0.00754002,1
354,0.00100862,0.00334633,0.0,0.00503074,0.0133001,0.00192326,0.00786147,1
355,-0.00751766,0.0265765,0.0152747,0.0269083,0.0095649,0.01877,0.0151656,1
356,-0.0120969,0.00243463,0.0028909,0.00307579,0.00141051,0.00256948,0.0067645,1
357,0.00643559,0.00292464,0.011824,-0.0233697,0.0176671,0.00641606,-0.00153576,1
358,0.00860464,0.00581654,0.00351389,0.00804908,0.0120333,0.00462188,0.00602219,1
359,-0.0138345,-0.0175578,-0.0211285,0.00384244,-0.0360686,-0.0191999,-0.0130267,1
360,0.00735743,8.34e-05,-0.00362548,-0.00860367,0.00309189,-0.000761239,0.00023762,1
361,0.00354095,0.0124791,0.00445843,-0.0138621,0.000873993,0.00571355,0.00354608,1
362,-0.00556247,0.00156368,-0.00556548,-0.0021992,-0.000548103,-0.00142723,-0.00322693,1
363,-0.000190815,0.0,-0.011979,0.0164041,0.00943518,-0.00615786,0.00278939,1
364,0.0164507,0.00650555,0.00884398,0.00945165,0.0265442,0.00833755,0.00508076,1
365,0.0110884,0.00760562,0.00598721,0.00390502,0.00342671,0.0061868,0.00750733,1
366,0.00666162,0.0125381,0.0101536,0.00323075,-0.0051396,0.0134903,0.00394242,1
367,0.0041761,0.00542486,0.00663798,0.00413982,0.00623796,0.00398028,-0.00449899,1
368,0.00177237,0.0131645,0.00504928,-0.000545898,-0.0107529,0.00850481,0.00498487,1
369,0.0141654,0.00811314,0.0112881,0.000684211,0.0177312,0.00852005,0.00181692,1
370,0.00623799,0.00192516,0.00795226,0.00571749,0.0183708,0.00697461,0.00303899,1
371,0.0,-0.00605399,-0.00578963,-0.00813074,-0.00510688,-0.00776093,-0.00189657,1
372,-0.00771129,0.020403,0.0107756,0.00183157,0.0,0.0142466,-0.000966672,1
373,0.0222636,0.02502,0.0188448,-0.00626498,0.0195207,0.0215109,0.00618863,1
374,-0.00171225,0.000895086,-0.00443908,0.00729393,-0.0128133,-0.000367489,-0.00210932,1
375,-0.0032433971182849177,-0.0182122744904588,-0.02276536259971154,-0.0205555928512692,0.00491534438974855,-0.022316852600310782,-0.0067759718647128755,1
376,0.007269360691471203,0.019811681941662527,0.015205150514894381,0.0027463591545613796,0.0,0.016787238279713804,0.011621945951252781,1
377,0.0172920581332491,-0.011545098145690113,-0.006487181232594182,0.00802972233416792,0.02807008435552337,-0.008368402338409095,0.010190042565545322,1
378,0.0036875448606655445,-0.0036870526038032714,-0.002404433326662638,0.008947723699686749,-0.01687828875411232,0.0015711219086570456,-0.007616646414970079,1
379,0.002403507660806684,0.0051667343047863265,0.00909413376701958,-0.02478768263551985,0.0145555440930458,0.0045897265622999025,0.011714543785270603,1
380,-0.01899396094450488,-0.006164638675719898,-0.008145129685712356,-0.018434477870414634,-0.0004929829863014104,-0.008068577965911856,-0.009382032964006021,1
381,0.0022510463207359565,0.002725805856176962,-0.003223022692010837,-0.004410850951205333,0.0013909203224065267,-0.002257296286078768,-0.0006447855955976473,1
382,-0.0013653471825132576,-0.001113124848236021,-0.003144932755990107,0.00020113895720788675,-0.005400721850294686,-0.0023988095338864,-0.0036811050227667126,1
383,-0.0044331230727960354,0.0006976793666276774,-0.004389835761934403,-0.0008527978511061695,-0.02314836922246309,-0.0020781167223193992,-0.015255143087789937,1
384,0.000378855612732452,-0.00030354154958246173,-0.00016987527741002816,-0.003285591147394343,-0.0004596958348325696,0.000636639414924745,0.004801791478855533,1
385,0.006054300120338634,0.009028972104641686,0.005215778529287351,0.010721457060575064,-0.00047126266187281704,0.006439923631665742,0.01211454056098763,1
386,0.004904374002416757,0.0017654664597453456,0.007396467746765709,0.016270088920409542,0.010491293680492815,0.008204753269653416,0.009000032552211636,1
387,0.006244965113729813,0.008380313167409928,0.009776762325072018,-0.0016808918160099006,0.0008831889112232367,0.00779345859502968,0.004500950184261418,1
388,0.0056476664761360125,0.009565272100255134,0.006081968823601442,-0.001217116760522201,0.008381052975603464,0.00811880260501139,0.004192950807242081,1
389,0.01647557336763061,0.0036323666729264686,0.0007914266426327374,-0.010668472941467985,0.023728875299485495,-0.00307289144050032,0.002106250785199613,1
390,-0.004478451607368416,-0.013967663743282009,-0.010534601778181172,-0.0009358736484672934,-0.00016922203322838978,-0.009270874728431406,0.003984981498205587,1
391,-0.0025249555425559964,-0.0007134064906775522,-0.002492647649822193,0.022424230568020512,-0.0025108354321152085,-0.0026572172535925414,0.006323009859991086,1
392,0.012019826196375923,0.002021860735127813,0.0011776733827004089,-0.007525143229383948,0.025661156278067882,0.001361057387749816,-0.0009482999516614985,1
393,0.024954769014358072,0.002953982766760969,0.007793367812137508,0.008550679000604456,0.008317131446534952,0.003455678553957009,0.0031753483587646015,1
394,0.027199404230894182,0.02569728183537947,0.024320500595849517,0.009055625258897474,0.028526331889151678,0.026320265646817192,0.015315749693697032,1
395,0.022917502038201094,0.000346294351589138,0.00967816791139964,0.011695086328957867,0.004419765257667728,0.0018982244393046857,0.0025297124877746617,1
396,0.0006777623551644267,0.0019410457752103804,0.006559927289663747,-0.003813976556657353,-8.291454463946451e-05,0.003809608732100468,0.0022475482270141265,1
397,0.013037945431786739,0.015309527493294743,0.01965703816975599,4.569863190329558e-05,0.016119758259847714,0.018212827557675584,0.0057375700363807,1
398,0.0038752928857242967,-0.003374365111997629,-0.0010748751368084594,-0.009900632801715215,0.0026253167563915184,-0.0007217149500127784,-0.00427162183903901,1
399,0.0013346882407349093,0.0035187932766613784,0.00011096793587171195,0.007613469098338977,-0.00895583174966565,0.001802317579595351,-0.0007147132766613781,1
400,-0.00028969918240528833,-0.0024696752791588585,-0.0033108488169528876,-0.0014098281220494054,-0.008586826350909496,-0.003885891268364719,-0.005745513374277385,1
401,-0.01543407727698197,-0.015167920075943187,-0.014588470631211686,-0.014375695483645277,-0.014172300699519651,-0.015242228524055967,-0.011153296542430736,1
402,0.0008710950814080959,0.0010780890612196257,0.0050383852675212745,0.004475425358664823,-0.00651576460958095,0.003319647146725207,0.0012599069208974517,1
403,0.005292000513363048,0.009801740439852378,0.006236023739082859,-0.0006802320999593375,0.00428463938974867,0.007784076958829348,0.0028701125692319448,1
404,0.03921588382876171,0.05186413539096742,0.04779750529301521,0.014442173573843694,0.04247836114586703,0.061088760330086436,0.026292623956764655,1
405,0.0019362314157700027,-0.0034435785701356523,0.0012808812039499173,-0.006794240851495098,0.0074079869868352985,-0.0004546008217634387,0.001204534209863284,1
406,-0.0020405251338691784,-0.006910629108705565,-0.01177403595205509,-0.022430216871056535,-0.0025609722341582235,-0.011877850268678233,-0.006295128557236705,1
407,-0.00614811940389671,-0.006802169249649148,-0.007171892923302812,0.009693663907923183,-0.028816664655398005,-0.005725361277622348,-0.003220468004789203,1
408,0.01088039649151023,0.020612242560030806,0.01451726532091284,-0.0019077201546213915,0.014421742186499347,0.014869894932593464,0.00953196220687377,1
409,0.00389994916465264,0.0028453264896817166,0.006633758130446941,0.01756431069516447,0.021629677774863888,0.006999055751865843,0.008297245939571082,1
410,0.012258492349133772,0.017026532837943826,0.018400716525356634,0.004820461542888515,0.013811375733714295,0.020030831193207366,0.010044246298482513,1
411,0.0013971269187912601,-0.0010606843814091494,-0.0005471238859273619,-0.00029725069990065543,-0.001445914429012944,0.00208327808520799,0.0020842769668244663,1
412,-0.016695679118658845,0.0029007961537936677,-0.004692245393829862,0.0013500033353520176,0.0185334923592812,-3.1874909103893605e-05,0.011873313732053466,1
413,0.0012592956183069674,0.012247085641078249,0.010641103713362247,3.560926696457375e-05,0.0015535491186981377,0.010816360764573613,0.013310955008723351,1
414,-0.01701332601257298,-0.018237222007045566,-0.017322685721262696,0.013017858022089303,-0.01128623875036847,-0.016511241819881006,0.0010266073009657776,1
415,-0.005801221514032185,0.001718985002297434,-0.0049685850865961185,-0.0020654863785098294,-0.00030822085465551053,-0.0012093392178835348,-0.003174619754234018,1
416,-0.0026448841763698832,-0.0019676614799655585,-0.004269712629087133,0.0,-0.005741164869728385,-0.002994594441092693,-0.0005551581408882173,1
417,-0.00030646978598901386,-0.0018771435725745873,-0.0027919539823479623,-0.0007052629975123181,-0.006478355586607116,-0.0033445129866324394,-0.004871046902262634,1
418,3.536664941273474e-05,-0.00026743190201096857,0.0012381159206105372,0.02062895526015767,-0.0036375773982259448,0.0010292696911062393,0.009626029154179296,1
419,-0.026156537588322662,-0.026189188946814355,-0.02178183618785805,0.0018420379493732618,-0.03553363865055574,-0.024027222545734975,-0.01291917454882514,1
420,-0.012665433082770327,0.0034180412452555703,0.011086370004387313,-0.0007371422419664658,0.0005685370575957005,0.007420750640974418,0.008257178034959744,1
421,0.004419646742237443,0.011822546882506578,0.005726968874855744,-0.014024880809880035,0.004570356243669679,0.006974009524509676,0.0034094742827330392,1
422,0.004479950865964609,0.002363508415036817,0.0034862318434939407,0.03144290023877103,-0.005069700690881268,-3.838953848116569e-05,0.006327588880724202,1
423,0.038611419574033835,0.04364296331825201,0.0428248007410102,0.014537152299833163,0.03673539218426174,0.05496856390855871,0.021859061849930056,1
424,-0.03280848363159001,-0.018574832762354093,-0.009380446600459438,-0.00470000163237463,-0.013162575569307049,-0.01233460126095339,0.006896709282669514,1
425,0.03526342477986881,0.03759755026365091,0.037149617332129126,0.013505911372691554,0.034077218170320285,0.045829763903493005,0.01924128350291827,1
426,-0.009947286946167715,0.006870777162553723,0.003371525073460186,-0.011685566362024297,-0.01009424042628038,0.00020444957411780516,-0.0053084653168994885,1
427,0.013352359171750563,0.015166434386058952,0.017077843786180037,-0.0023605031105369883,0.01606356180069652,0.01494793954940172,0.00800511831831218,1
428,0.018086611346547217,0.022132908740883993,0.015491880455924456,0.0042909048937574325,0.02066411764601572,0.015846351836398834,0.015996307832267933,1
429,3.329616511964105e-05,8.525216057314507e-05,0.0002776575368265284,0.004618762130356374,9.777121391264565e-05,0.00027885766652459737,0.004601221689663657,1
430,0.007919483241931915,0.01936445919091874,0.014769270966471515,0.009664564478042217,-0.0010990311700864142,0.01767100031177841,0.012707544160981594,1
431,-0.005667086726249023,0.0152661702410847,0.01936656534896639,0.006547691436049042,0.016997580047985364,0.0192794819739531,0.02163125006864907,1
432,-0.0006397719121153804,-0.01460787676437794,-0.01758282708397951,-0.01461247927848661,-0.015002730581383648,-0.018387293135346212,-0.017879757318613212,1
433,0.001120608818546876,0.009871442869306184,0.005852177814807951,-0.0015967761237511155,-0.006776627371229019,0.008313240543782886,0.0029549096659652794,1
434,-0.003238639659420378,-0.0120086947588145,-0.008298456303585526,0.00015926621289032335,0.0,-0.011338110584995374,-0.003934662905807896,1
435,0.006402991537336907,0.005778580646090375,0.00461509077961815,0.016691215925715094,0.0217822028911497,0.0063662988975071635,0.004866470339877839,1
436,-0.0019704593651705786,0.0015483618036190754,0.000389677145033756,5.434582753740386e-05,0.005811796944700308,0.002754830236532927,-0.0005986187731145953,1
437,0.015369686958125043,0.019520357900443736,0.017464922967940777,-0.002132876293033637,0.023831356539375473,0.014735473093764977,0.01513552624254925,1
438,-0.0033444046557185208,-0.0021932324844565537,0.0013815665886107676,0.007689992619254677,-0.01083622565850139,-0.0004670857342148249,-0.0011089273846820076,1
439,0.00026180336850465085,8.128857416281061e-05,0.004929431406798992,0.001248312366502149,-0.004826757218031425,0.0020260734068441454,0.002965119176586432,1
440,0.0003548788629555218,-0.0016364626734624945,-0.004207092351220296,0.015702780837644266,0.0032354724153439048,-0.003097584934522929,0.0033044769988135924,1
441,-0.012054003314032181,0.0013786635712813287,-0.0024392974092742182,-0.016807458938779676,-0.012522763594945125,-0.0024804246990238208,-0.011011842340533498,1
442,0.0011219182996078502,9.309736388692005e-05,-0.01349372422254786,0.014680999673335126,0.010156979968663665,-0.007142593581065849,0.002991723211719667,1
443,0.015111112080343147,0.019057374305112156,0.01990191098088285,-0.0019235483122029325,0.010470485583170454,0.018950802845696876,0.004264007030636285,1
444,-0.013203820876936879,-0.002718244728400826,-0.005147309308290144,-0.033963219914812166,-0.012123960461110302,-0.00559830024240099,-0.012636641218317798,1
445,0.0057528980790007254,0.006321267812086797,0.008638182640334576,0.01311255881177263,0.016052077505312026,0.007650784255041977,0.006708287270303606,1
446,-0.007615288912117425,0.007620037652892305,0.006743889553536081,0.0031438870660073434,-0.00580051767584693,0.005687967684669209,-3.87691138993482e-05,1
447,0.0017184601118475412,0.006766266998515024,0.005038526057837442,-0.006062037397006885,-0.0050733879662291535,0.006069953110314344,-0.0005779816287248502,1
448,0.0026150272553222753,-0.001740120276405595,0.0012058710889276073,-0.024444973000798714,0.007546429276103107,-0.0010966862642015794,-0.006076729798970212,1
449,-0.002517815273814421,-0.004520222355490401,-0.0015365527034095195,0.007155559781583144,-0.0002732722918339153,-0.0032172131830300174,0.006720442619706111,1
450,-0.007640929761605589,0.00501078425052604,0.004658763801113762,-0.0042748794269446555,-0.013213798419678836,0.005795444576807111,-0.0016249496392517827,1
451,0.036423751328593754,0.05203532379209636,0.04595120583934498,0.013376574312553478,0.04410960445685819,0.05673567568696927,0.027005514013800885,1
452,-0.0004570604909818262,-0.005747975492483407,-0.004184974634448018,0.010116972666143871,-0.0053196648374497345,-0.004595176011569793,0.004247956313255523,1
453,-0.026498506548290786,-0.025618844864668817,-0.020970270554886244,0.0052101682762564225,-0.03284490327713472,-0.02344054163868737,-0.01106662307422053,1
454,0.005107104194688459,-0.004224945121231455,-0.0008201710476637841,-0.006779466096108632,0.0069031250284937425,-0.0008287162438419557,0.0036616514574186005,1
455,-0.013939448406737963,-0.005848131636468436,-0.0109780106636028,-0.038698865676981616,-0.007764173575406908,-0.009424516355572789,-0.015839590079167236,1
456,-0.0037297357199886647,-0.00016679754658049652,-0.0044416397733704465,0.012341461571954733,-0.0018254476978018734,-0.0039048175305828096,-0.0032652188108290986,1
457,0.0032596319215689572,-0.008197444985406994,-0.003985299721248244,-0.014493963770435471,0.0017715305536599548,-0.006496658793794009,-0.005391018836402219,1
458,-0.003603985278628024,-0.009325584562156267,-0.004806265351660191,-0.002664247598414911,0.008526711162135997,-0.008641184954583879,-0.0010241504015288242,1
459,0.0015671267685138392,-0.0009716533477617324,0.0037460126788328614,0.016428370189478295,0.004218293911281022,0.0006866798955690201,0.0035568548557163623,1
460,-0.0037434816296150575,-0.011274175288634742,-0.003106164740630161,-0.01974336091613203,-0.0031399623923241875,-0.009743120524623401,-0.0025725415602650217,1
461,0.005969282686703728,-0.004887245326971703,-0.0020096960722384336,-0.011475782018656603,0.015154054091973658,-0.00329936533255035,0.00013763624053330837,1
462,0.004661792541336775,0.005522122766561664,0.0016162195462913133,0.0004972920399254881,0.018634544039188995,0.0018586547842917532,0.007947013242995096,1
463,-0.0015334309172282848,-0.010994185264550272,-0.0056424917358270064,-0.017257805342013526,-0.0020119189166437988,-0.010965367684376346,-0.002742397886246871,1
464,0.007481119953753369,0.013093913110079075,0.008374378540684232,0.002564916005224693,0.01717681656363767,0.010578919874385796,0.007566754376212527,1
465,-0.000369761589310793,-0.013930135891694569,-0.016247539395416642,-0.01650851745570767,0.002346320680679649,-0.01743955344026327,-0.0049186940885353105,1
466,-0.017909382882353157,-0.0179216989531944,-0.017130154476824845,0.010213258859240473,-0.030400446457575198,-0.015023916964124993,-0.01443486420990674,1
467,0.014294914198600855,0.007972450588595357,0.010386548663627163,-0.0007397223999883244,0.018086786724903797,0.008414912786454913,0.0018546929962324976,1
468,0.0011162842008465806,-0.001431797821967471,-0.010590592881425116,-0.01760090485536515,0.010393087563732783,-0.006840034756521197,-0.002923809950824851,1
469,0.009556699933746528,0.02215213166864887,0.013060405836666207,-0.008835971550390335,0.012488604721418474,0.016332078261470626,0.0030861885493509837,1
470,-0.02168401909587138,-0.009793876460108566,-0.00601759466239867,0.0018672321933143438,-0.008615652964485633,-0.011904757936486385,-0.005638871501925652,1
471,-0.0012160140360639548,-0.002659279433929546,-0.0010384538735710436,0.007732584930939839,-8.157024972577911e-05,-0.001765461308736203,0.006829166479257169,1
472,-0.01984975961012389,-0.004952951407843924,-0.012646295402648926,-0.00795033969825565,-0.003720989149407639,-0.00934481507074469,-0.006294057664350301,1
473,0.006240662942672534,0.008615211898446114,0.008980221881330507,-0.00010324289216016786,0.0014534341369380121,0.007468298274896097,0.005649793597866453,1
474,0.0015414012608974393,0.0003220199353116224,-0.0037673669549275397,0.0010148313306006047,-0.005849956165885876,-0.001435231292332686,-0.005110228182711479,1
475,0.01900251414096004,0.01741360648244926,0.019536664254623165,-6.0230950800572915e-05,0.015088236315135171,0.01637292093803041,0.01064103731596219,1
476,0.003834437480950476,0.003759571554974053,0.006172304868677668,0.0029324408831343136,0.007824338389527986,0.004857293648966008,0.006200380465945703,1
477,-0.016333730745837764,0.01164093318262803,0.0013882090215495693,-0.007508168981220365,-0.012879663481983364,0.00892527150790754,0.004488641085509018,1
478,0.002539391084795754,0.002380235271009399,-0.0010406189888646099,0.007680750984826436,-0.011116360337682861,0.0018477208312026802,-0.0024803228629768264,1
479,-0.005319161045339403,-0.005186352347195889,-0.007018773383879087,0.006649353235384863,-0.027774672423285764,-0.005091126609154734,-0.006227433930073372,1
480,-0.009866332338203016,-0.018219885957432454,-0.00823193942338291,0.007146982710345889,-0.009820439851415931,-0.009890044361372795,-0.0017800911523805597,1
481,0.01871652611063317,0.0067750601906750784,0.003745718183854165,-0.012417665844379673,0.014449371029437916,0.006574225467771419,0.0023344224704379603,1
482,0.02371702807579009,0.052609987051537854,0.03704328290384672,0.008362900566016159,0.05134611547799285,0.03638183660756376,0.030103436308491976,1
483,-0.002117028923506645,-0.014752300707237008,-0.012219167878104419,-0.009892458340222749,0.004958532369843463,-0.014017458449587038,-0.006746157067928588,1
484,0.0033386993214495776,0.012189053910191826,0.01041339606419469,0.00039034599059661673,0.004466036105971183,0.012832625989000217,0.005260270625295519,1
485,0.004994373688320112,0.009341373478262935,0.006456923051347388,-0.0005550067522848273,0.004855215680297989,0.007849498727451,0.0028632495791561284,1
486,-0.0021130068337503367,-0.005217408111818487,-0.005330131064188538,0.014106468901485713,0.011655637935826635,-0.005386355678648109,-0.001567516042625762,1
487,0.006360931714920371,0.008760732590188072,0.009854797159564757,-0.0001791355469611287,0.0012354548846613953,0.008008994597805009,0.0038401205334056988,1
488,0.0011516488237437472,0.0032721444256245172,-0.0001131143066960115,0.004332645954561985,0.012099886849959747,0.0017118062395400904,0.007716984747388985,1
489,0.0009954524930339149,0.00397071538260133,0.0025597058669586756,-0.011424955037481432,-0.014918697838113379,0.004353809773134078,0.00547310380892024,1
490,0.005441188671901495,0.010051945115256481,0.00937523295234494,-0.00011900972906851042,0.0013192535472587516,0.007975344717628912,0.0030634428958456663,1
491,-0.01389926580320788,0.0016325145121578255,-0.0004415358160830959,0.022856825123240495,-0.009045061916928521,0.002752586951328246,0.003932274259453791,1
492,-0.010639241124353178,-0.015464995274624336,-0.009660689014141475,0.0057182368882436295,-0.01198584930615486,-0.010954958786795005,-0.0009887154010699898,1
493,-0.0011150538407323262,-0.015571894283534678,-0.008697817747578945,0.009674165374904493,0.0030147076494279035,-0.012033404663097968,-0.011303750917293716,1
494,0.018083606032526824,0.0022247584141584526,0.004766793628353757,-0.007456733817756148,0.021153604295577333,0.0030975566423652287,0.002517094463161975,1
495,0.0016178057639741773,0.00748728467343675,0.009779810537522853,0.03747873992652925,-0.00033101364474755895,0.009371795409072,0.01675325364935698,1
496,-0.0003361851559647473,-0.0035245430830216774,0.0011707448971867186,-0.00970416113291778,0.0026147831660770565,-0.00014939346882977892,-0.004625155795146708,1
497,-0.0015114297812892246,0.003088092273974539,-0.003401387641505205,0.02369109184233175,-0.0018994483177079433,-0.0010615939975887995,0.004167079066599411,1
498,-0.0019107377278451067,0.01614630467927723,0.004510291597973567,0.0012638574925427847,-0.0124182995808697,0.00750987101501559,-0.005512980378851709,1
499,-0.0021653124328044147,-0.007059808127115132,-0.009217569946397563,-0.02281279702113947,-0.005034771297300232,-0.011000686762273879,-0.006595308702067563,1
500,0.006564396665489854,-0.0011709699290084283,-0.01749560278202093,-1.7466166923926774e-05,0.013711456951223396,-0.01107516272720391,0.00310331918292529,1
501,0.005421407885637261,0.001887525369258743,0.007700836434542963,0.0061913700487158845,0.004726579923439804,0.004114949253829519,-0.0019569922624359942,1
502,-0.006148657424597229,-0.014860769087408575,-0.007064457527460806,-0.004122226378305975,0.022505133613865295,-0.0051141329943269,-0.006008234320509174,1
503,-0.007507936537463908,0.020310606178156495,0.010851534721419625,0.00041022917737987405,-0.0007096042841070071,0.014438688612774895,-0.0006532675134012097,1
504,0.0032964537893506026,-0.0120862384719708,-0.0011039958874097245,-0.04053909724083053,0.028376603764360967,-0.005860411438082079,-0.019608035981032917,1
505,0.005619004324337562,0.004269225965428522,0.006954872527777669,0.011110900994182264,0.017830943264544607,0.004722900849827789,0.004016056551577686,1
506,0.00021513929457225682,0.01471768802494307,0.012486301030784634,0.0,0.021677991582148004,0.015998366933114468,0.019998808727629498,1
507,6.615581681654412e-06,-0.01435169733237801,-0.00924805661667049,0.00824502009252787,0.0038021096944810514,-0.011279169428937624,-0.009593388112165683,1
508,0.004397974793740655,-0.002050941987083451,0.0024879761291888734,0.017029611213941906,0.004373157616793142,0.00027448742335749404,0.005007843526007631,1
509,-0.0008577946168722967,-0.003086180146585567,-0.006692409312119756,-0.013997759016404768,-0.0044250050153032405,-0.003739228056374854,-0.003200822132288454,1
510,-0.017917612546091,-0.021386146318721204,-0.01602033365328797,0.011268839903309315,0.0002439412343510433,-0.01615969297228803,-0.0030009291613225936,1
511,0.0020278928957351747,0.0038980096940564985,0.0004926229594868053,-0.0009858153321038819,0.003303616775044873,0.0014832798784925588,0.006911033620032157,1
512,-0.01286413845851048,-0.004032835309413949,0.002260262472422087,-0.0019451304907219672,-0.007574594827927592,-0.0017378596485261783,0.004903988990582693,1
513,0.006194921288372646,0.0012271736233475956,6.49699271320801e-06,-0.0225452790612985,0.006599648409283443,-6.175568562179277e-05,-0.004075711960440912,1
514,-0.01463164470331275,-0.021725078177161874,-0.019132737873347884,-0.03133398195408228,-0.020164611156011248,-0.02212058141446254,-0.028902822819071493,1
515,-0.000704032894129723,-0.002473803875744082,-0.0019790299191098093,0.026872158113444948,-0.005024871112690291,-0.0016960664723519021,0.006327580849179786,1
516,0.005945353001359344,0.019704362972044823,0.02162541930010327,0.0014906947627256273,0.017014708494787027,0.019749034719864358,0.012566267577743314,1
517,-0.005117904605345712,-0.0030806826118402342,0.0036716716602899057,-0.008647828734618793,0.002664631823374812,0.00026156380142574725,-0.0052500401041112804,1
518,-0.018865060418034495,-0.020872447336737942,-0.021264858991724037,0.004086443926536952,-0.035021745048426325,-0.02116403139974805,-0.01214519905652245,1
519,-0.0003158617435227752,0.010038663522458269,0.0073902921788211616,-0.001132752243668624,-0.004494553700912772,0.008830637916062792,0.0006563223863406885,1
520,-0.0038714156860251486,-0.011711594261437147,-0.006927947959474984,-0.000812427920966326,-0.002307663772475126,-0.010577756584697078,-0.0026565667285078764,1
521,0.0020163830303235103,-0.007793391296960337,-0.01095164066795441,-0.019335428007480938,0.012571172782228933,-0.008703027636222573,-0.0022759460077072255,1
522,0.0017240834703588217,-0.0034222244855260948,-0.0021855282543905147,-0.008924057584873935,0.002535164104098992,-0.002408936196855492,-0.0038908742373629608,1
523,0.002334776693753553,-0.017644652896317066,-0.015711780596855414,-0.026980386814172776,-0.018127747117801057,-0.020798773895643035,-0.025954165806130188,1
524,0.02935497166541103,0.02768097048447249,0.026458393305081384,0.011176721761864579,0.029840545485776488,0.02901762935482452,0.014948037013734868,1
525,-0.00035018586220139907,0.0006695454252434215,-0.004510693743875629,0.0005410421731950792,-0.008902712440673626,0.000211094180544349,-0.005770719613855885,1
526,-0.007506853596133497,0.02010588747764694,0.010801228483900586,0.0018236714852503347,0.00011651376336005747,0.014160390520380754,-0.0008772612266102323,1
527,-0.01914732649047872,-0.01436931291883019,-0.010313136286362736,-0.034776866807078165,-0.00832587986032122,-0.00814112964140445,-0.005300876035963836,1
528,-0.012137060758416479,0.0013372306175398886,-0.003554057992943202,-0.013854831625161868,-0.01101559899403566,-0.0029363131760105415,-0.011110457315144137,1
529,0.03137527614249898,-0.004418872369799351,-0.005137407167438513,-0.012709153706985917,0.01016460040382165,-0.003690673440698091,-0.0030617280343810047,1
530,0.006182365292176228,0.005209732992815948,0.0003999174007812182,-0.021623356836961035,0.0024694318340408084,0.002869698953190203,-0.00045049084163380475,1
531,-0.03313792200165104,-0.031823881223010164,-0.022819503498572605,0.0035777291751352544,-0.032042409889459604,-0.027547141594292796,-0.00984754469185788,1
532,-0.0017646222155945086,-0.006159831887424661,-0.004616043576508133,-0.0024920250437819166,0.007421828971353211,-0.00615035048310543,-0.003793757188041801,1
533,0.004548715646574183,0.005465026100725203,0.0017756526994496661,-0.02501930195595501,0.0029191485863829213,0.003191531197502613,-0.008655642343548153,1
534,0.017911656358801098,0.0022245348114036875,0.004768280328715232,-0.008147569686031279,0.0210457781944453,0.0031382021689263786,0.0023002288330174277,1
535,-0.005270831832357969,0.0068779614318853965,0.0036520224291966275,-0.010563335168763519,-0.008425078011533917,0.0018049455562320976,-0.0039777870757404825,1
536,-4.821868611110114e-05,-0.0010817700819444765,-0.0007524261895767315,0.006179663321288308,0.0013301373390650416,-0.0021527360388476106,0.0044721354572592464,1
537,-0.0017513307199363412,0.001375631580815881,-0.004401808975789459,0.007952364884687705,-0.012284664405453007,-0.00039141200384303705,-0.002160119256955761,1
538,-5.1469367373485024e-05,-0.0009335819453571495,-0.0007223178848840281,0.00596692583262545,0.0010802294319283213,-0.0018943300661811162,0.004419094636841971,1
539,0.023470654432634797,0.00874442268505195,0.006555061880964866,0.01775792452812782,0.019173955990452362,0.005300288721635068,0.01597388882217148,1
540,-0.0002634030182473474,-0.0008155663120746782,0.0009925337321747825,0.02134053234764404,-0.0041772851618488375,0.0006844436708230932,0.009581173261506789,1
541,0.010514546788713768,-0.000818869364654013,-0.003460793451280532,0.04795690931653368,0.004752251605086498,-0.002594994303317782,0.006283988414721564,1
542,0.007914635674998706,0.007190554384537829,0.0040973585328422935,0.015546361258854212,0.02138582897299789,0.006576914691015775,0.0033024395429409755,1
543,-0.009301585724959866,-0.01776768844885949,-0.008463826696235691,0.007340129370955844,-0.008686207458379988,-0.009209227213319845,-0.0016264562557279985,1
544,0.005959834964847847,0.010815702982052313,0.007537056098072932,-0.013468584415419791,0.010667528421321643,0.008946478212084677,0.00343962681848341,1
545,0.006181694732775984,0.005028603208292048,0.0023930447224670554,0.007086303096059128,0.012437378328456138,0.00376108598457665,0.006608875497286709,1
546,0.005013298017553634,-0.0011791606931015166,0.00043854964645947915,-0.011289701672287761,0.00740893065996524,-0.0004175811910430726,-0.0007996759677491526,1
547,0.014831376220571155,-0.006404110558430862,-0.001947217755016327,-0.024404921066324223,0.03469905097423164,-0.0007862418885573334,0.0010683502478707019,1
548,-0.03031873711339456,-0.029223926899046206,-0.022182695797920902,0.0040173320760821685,-0.03263347822353134,-0.02605751381766282,-0.010243955388555328,1
549,0.01532797905297342,0.013180984199530793,0.019917994541050782,0.0003065953743585153,0.016418628278666934,0.01822246178206116,0.0036598089004192687,1
550,0.010019158491780453,0.020163275698222245,0.010485264587120872,0.0037567439620146766,0.011401743267615958,0.01391415352325421,0.011487049918801201,1
551,0.014772989451228385,0.003355064664354112,0.0002914472899632522,-0.01005405395825501,0.024723802448909836,-0.002520348804422495,0.001054711404908548,1
552,-0.011430997756319498,-0.01256416019728027,-0.009278483846531353,-0.0015896289602052565,-0.014692191765128738,-0.011153729234468316,-0.0007456549649668121,1
553,0.005020119205894687,-0.0004737666959787603,0.0009676344634026229,-0.01274259238183313,0.006287088899617432,2.84041010334224e-05,-0.0018773259278467075,1
554,0.001614689476022103,-0.00967396439007977,-0.007079403197600316,-0.01243888380705968,-0.00016871086737033308,-0.00787627070908541,-0.005294973581260469,1
555,0.012090756745791154,0.024239930955850034,0.013513346533850086,-0.012755458182040054,0.009975289502432835,0.016887626531855528,-0.0002157396001612761,1
556,-0.02206905368416547,-0.0049449435104311,-0.01467353428485356,-0.002035704813622769,-0.007445946071218667,-0.009590185289489433,-0.0028215056695205477,1
557,-0.030859927850868784,-0.02507188919605633,-0.021828927226594096,-0.0030340612040047977,-0.045771096499263426,-0.026972949195196706,-0.018159311431832633,1
558,0.006186340136263864,0.007332268591046422,0.002191399069774051,-0.0013791653077886534,0.01689731818465596,0.0033312928301930667,0.006662471512349,1
559,-0.018031772051413472,-0.009505554077644807,-0.001165469745507522,-0.004080958025390819,-0.024639183726969566,-0.0041052975587403135,-0.0039906388237826535,1
560,0.0021853282435769592,0.007262148093530068,0.006128799718088988,-0.020809883021557733,-0.0034349097026519816,0.006675384178757721,-0.008296409703573962,1
561,0.020980674929917457,-0.003437890415836516,-0.009383868959844844,0.013663166539748365,0.02793683357658601,-0.005548182111135877,0.010327708362746974,1
562,0.026826412050735955,0.01651506758802982,0.011160061096007135,0.009509969863432279,0.023988728711458077,0.01627403188330642,0.01239326855299495,1
563,0.007685558644685267,0.005818650661650595,0.004435137913725143,0.007200086473881474,0.01132682532444531,0.004791875461818252,0.00561737225020103,1
564,-0.0045229949829747795,0.005931050147360873,0.004264386910257918,-0.005314235786492174,-0.011027966917487994,0.005520485793579791,-0.0015830850922059607,1
565,0.0009387804537502675,0.0033451507972550283,0.00019762620942161005,0.005165697434532372,0.013834134126282507,0.0019890592361987004,0.008281588155645725,1
566,4.8512888359517796e-05,0.00012421336011014046,0.0004045501647965545,0.004580003976788433,0.00014245376211570893,0.0004062987673112933,0.0046693171434715915,1
567,-0.0029369591941194075,-0.011322655372550398,-0.004297404608592345,-0.008019972457715978,0.006737689789093507,-0.009340707761671674,0.0020285665714665693,1
568,0.006257443411482316,0.009033195562522401,0.008280992838107373,-0.007397798763034774,0.001523089587685834,0.00667492790591456,0.004198116039476214,1
569,0.03207227108450261,0.04075701399354061,0.024141145044279295,0.00441800901876869,0.04110133862167506,0.029253366058324487,0.02341265648396715,1
570,-0.0037437837328294812,-0.011737835074204362,-0.006384231118715241,-0.0011388880325462745,-0.0041655053161462645,-0.01027718727504332,-0.0020122467717274784,1
571,0.0024531466885522376,-0.0008216953426985229,-0.0025564696180178973,0.005077354998882596,-0.001417999909960627,-0.002322798618289702,0.00018171529592748623,1
572,0.024763171628491194,0.026751798732038836,0.014693976735385412,0.011452657985133483,0.03050813572435878,0.018623670737990913,0.02428462980936738,1
573,-0.001232980841420966,-0.0008554802827489649,0.0028876226075958173,-0.006067551212456359,0.00018103302857850248,0.0014142503797748844,0.00021480688565792298,1
574,0.006429969469373945,0.015416643093182442,0.010485980929213668,-0.0053259086855434335,0.0011214016125336939,0.009906883039435382,-0.0013787404954690408,1
575,0.008467730746959171,-0.00515967120790049,-0.011072474531686053,-0.007906620494868826,-0.006226456589714377,-0.010056406691294808,-0.007756552845585909,1
576,0.004530849106930733,-0.007424081378944747,0.00028963956207748624,-0.033603782506946386,0.02060850096090674,-0.0036685711432050327,-0.01513534238269975,1
577,-0.0016621068290605925,-0.005539434968772024,-0.011192171475524038,-0.023714708191880565,-0.005643084076389464,-0.0112835629116221,-0.007895295157248305,1
578,-0.006125106046412271,0.019682315946770265,0.011367900888973482,-0.009255076754387517,-0.005535007443740348,0.01574491663277624,0.0014779245238343139,1
579,0.0025122614319559857,0.005205462604760512,-0.004115085651414399,-0.00871465115816411,0.0020297495192947044,-0.0008429241493370177,-0.002851478245199682,1
580,0.023265693472297583,0.02372310228251808,0.014509124280551117,0.006467032291235693,0.023340913588200913,0.017718482917505666,0.01446110064119264,1
581,-0.015428435888592256,-0.018022978595025295,-0.014590056781809056,-0.016124555345044707,-0.015589516141073206,-0.0156789725724956,-0.013340130543811566,1
582,0.00010153472196917603,-0.006026763756940881,-0.0056706949243506225,0.013614353205882354,0.006160433439514813,-0.004207803510915236,-0.0017626873838251815,1
583,0.01516636524783866,0.01570313633733452,0.018203357582835655,-0.001916637978686623,0.014224927180382126,0.016344035988212553,0.0055508978915232345,1
584,-0.0009197436033667003,0.003952646081997427,-0.0005564276002129236,0.010339294970854385,-0.007598716753542439,0.0007838212300232426,-0.0009563519720991577,1
585,0.0026933840530628415,-0.000963468873009873,-0.0014280889955276689,0.004121526607914299,-0.0002109900234761738,-0.0016452330066006613,0.000514949694110997,1
586,0.00351032738633497,0.00429015938269983,0.0005169770873344554,-0.026656836476454466,0.00454071085408752,0.001531412143764761,-0.011440978084803821,1
587,0.0004869756835836971,-0.0010656060489347026,-0.004334997914474515,0.007814077669022793,0.0002625000997478621,-0.005393180837311285,-0.0015794936495092103,1
588,-0.00013630968681589911,-0.0172999149721871,-0.012175625909211996,0.007417635020722612,-0.002104666683846774,-0.016077511824460114,-0.011336541670142877,1
589,0.0036852171529044575,-0.010109708614253515,-0.004016478259597835,-0.018252846213479904,-0.00026869349617426614,-0.006054527243999546,-0.0072782644889887345,1
590,0.00018111756041762133,-0.016136660189910435,-0.0170204300953241,-0.018083556741574303,-0.016747054946264918,-0.020003098404356195,-0.02080016005210926,1
591,0.0048619896478297175,0.0208945410876321,0.01796949441411409,0.00496522993690063,-0.002211660312057972,0.018975369826110523,0.011476465770488808,1
592,-0.02341930464714608,-0.006071279117600852,-0.015352258086215171,-0.0036982827650657206,-0.007089809299301894,-0.0106987379663217,-0.0056887082363793725,1
593,3.554298018384593e-05,-0.00248370713658774,0.001018097893432957,-0.02512421066879986,0.006837722070264857,-0.0013738194666961276,-0.0044552120123772816,1
594,0.01631916096573396,0.006598080887015157,0.00898466051653188,0.008947007082638432,0.026036934647973315,0.00834805447370304,0.004892897416707276,1
595,-0.010447770926951283,-0.020578068499296758,-0.009698578325427584,0.006783446913208231,-0.012517997268072185,-0.010630755071294792,-0.003539455391144024,1
596,0.0011046340166970155,0.009096677516958283,0.007565629119767666,0.0032415448938250308,0.0008225262181552066,0.008023129891917035,0.006329084488856407,1
597,0.0007302844046025696,0.015988150438584675,0.014381800116022497,0.0023330280418874874,-0.000320568623563537,0.013560558707951312,0.007187552972948095,1
598,-0.0013807755437348949,-0.021043345784221713,-0.017704153782763583,0.008715048739513214,-0.004130646230390301,-0.019037415022815748,-0.0043062881903431,1
599,0.00490122118056471,-0.0004197517858574906,0.001699634852442347,0.018466375188806904,0.004856180067228665,0.00019665910135157705,0.005843362378735639,1
600,-0.002821855050303484,-0.018848469164201798,-0.006929115275884229,-0.022000887056548773,-0.04200702796252691,-0.016021220913749627,-0.024370790866696197,1
601,0.004820000127307055,0.0020448683050733277,0.004292638551547313,0.03342437065186378,-0.004904968925990397,0.00061787831648147,0.007629286113656535,1
602,0.0022722695252388654,-0.01201774890646529,-0.012016444084370352,-0.0312601514342722,0.02009080792680864,-0.009525270419494553,-0.0103731894854291,1
603,-0.030713756202611478,-0.016885166932984114,-0.027372042725118687,0.015544195674076201,-0.03463255420721028,-0.01713688143985901,-0.019362016052767814,1
604,0.004058862839235861,0.012017157544033732,0.011108279976860926,0.031440583133833654,-0.018624413329693362,0.01215507717664542,0.011359089296317716,1
605,-0.008824401027921692,-0.016908899583712295,-0.00827903709059525,0.005321070696288809,-0.00657554354864408,-0.008793911878541111,-0.0021153517589503536,1
606,-2.3147303442724836e-05,-0.003960196038464344,-0.007663136384322822,-0.002348394589041534,0.01588211622598319,-0.006252099062291127,0.0023064802970700175,1
607,0.007775778040666452,0.0006663342296238297,0.006280052630769332,0.0030085101741049924,0.0015440227816578955,0.0006817397716963997,7.891190044731662e-05,1
608,0.0009156402222486901,-0.0021092355609157506,-0.0021485068046470544,-0.001890230566026537,-0.005776065898040264,-0.0024968481837523023,-0.005320887160126606,1
609,0.00019172117992633523,-0.006495271271315963,-0.005491202343599951,6.154963169699272e-05,-0.004547104329909337,-0.006440055164551114,-0.007118156612420398,1
610,-0.005940247562971051,0.035453680138833626,0.005020465827483444,0.03273842561890063,-0.0038849096618226563,0.01695393399970852,0.02229435013405441,1
611,-0.0024581461011207034,-0.003887073335103966,-0.0011330318356244447,0.00908046224556527,-0.001332965166134314,-0.001180359928252535,0.009060770819377072,1
612,0.002242263317414404,0.006284173133406894,0.0008041701750891813,0.02534736876291014,0.0036696629971373074,0.001908584739858404,0.004810211380033662,1
613,-0.0003070877499154105,-0.005505381288631046,-0.00403080568082617,0.011011898485388272,-0.005857754613483243,-0.0036835310562390367,0.005276916486663119,1
614,0.02454695399706133,0.048598339179716635,0.035135431430299624,0.007006216780533493,0.05106277874614371,0.034768036684186106,0.029773055395302755,1
615,-0.0024242204201886824,-0.007340341703820106,-0.010929175368698764,0.0011963802563662294,-0.0022925594244417365,-0.008092971419761012,-0.01000416142843885,1
616,-0.014414997740414217,-0.004306611566604842,0.00447184069452923,-0.018891949714006942,-0.0068617780567239595,0.0003440012091491657,0.001845008789388836,1
617,0.011152331125802106,0.023691584727906084,0.013375703451388134,-0.01343709608117131,0.013376421904218599,0.016474410089699437,0.0014799829240995815,1
618,0.001902818286338866,-0.014965959727414609,-0.01292376418021762,-0.03876974412175263,0.02409180911961933,-0.010521384437519484,-0.015482861360545688,1
619,0.0016673740278044596,0.012634002411662851,0.0051786234451734045,-0.0007151900250578154,-0.010112339281975167,0.008473948970115339,0.004657851968157168,1
620,-0.005291936913772894,0.0029236800052230222,-0.008414791086413877,-0.0119864748676381,-0.01490968191537854,-0.006229141036984,-0.0076385083592263765,1
621,-0.0018945848852840862,0.003137117966006848,-0.0042651884254609656,0.01036592174841539,-0.010346899415624418,-0.0004791040922622763,-0.002346328855124296,1
622,-0.0005355975410952819,0.0022036692875391983,0.0026175385659824137,-0.00499126664954028,0.0069894632781238916,-0.0003777046055263681,0.0011435063257411672,1
623,0.0055620762173156,0.0039901706403682935,0.007180689575512702,0.010723656874176115,0.018104603717097673,0.004937651027850388,0.0038473584125221444,1
624,-0.007618463501113383,-0.012404618375445257,-0.006728906083092792,-0.0022377737502101472,0.0019721105783598192,-0.008700758681501298,0.003993363784191033,1
625,-0.020470175646687717,-0.019111970927963247,-0.014379773647595325,-0.02354401165098123,-0.02064845180843975,-0.017213635018194128,-0.02130846029564746,1
626,-0.009866701104643346,0.012246507198661192,0.008259400507423747,-0.020864629522088028,-0.002737335042202962,0.010037504206587593,-0.006286316508519319,1
627,0.004412239007575017,-0.002036577714416534,0.0024755031498410913,0.01704708636307122,0.004378885652787363,0.0002723610036352085,0.005021428625455853,1
628,-0.011209890279158159,0.001544104156933794,-0.0031431748159572084,-0.014177181900371462,-0.011729358232762329,-0.002777251166109116,-0.011541683043680692,1
629,0.032554424547392574,0.04252407420535346,0.023938205710819584,0.005024740511529677,0.03987515447426561,0.029625267425295553,0.02273753019341672,1
630,-0.031140320584439923,-0.00833494811863962,-0.015127577609514616,-0.0013346045531514475,-0.022991309985373305,-0.016856938019922343,-0.013126048254513363,1
631,0.005049084681631831,-0.0011699630995443753,0.007952279476309063,0.004418017675078445,0.013872746421788854,0.0024100058737189364,0.004425657760598764,1
632,0.0008952078132859844,0.0010348237837432836,0.0008288759550147945,0.0036018700694154418,0.006605089582861851,0.0005821185983235375,0.005738043322921383,1
633,-0.0017551877995403,-0.0011891775838224793,-0.003315417509684512,-0.00030919870467079394,-0.005147135371940737,-0.003436781427943586,-0.00340757874695304,1
634,0.0019712556338326442,0.00669548315603532,0.0042022997189564235,-0.007790142736651659,-0.0064262136753307835,0.004990004430190829,-0.001471493432019457,1
635,0.0030525367697513614,-0.002219854579658168,-0.00394559594462336,0.006625959368967455,-0.013932932099422353,0.0011500857469667809,-0.00726755313075955,1
636,-0.014283794095623656,-0.011710638613636339,-0.012840869115525691,-0.012974402087701257,-0.002111824790511336,-0.013432862563345726,-0.005866443920952573,1
637,0.0008753426756705276,0.01432402666747035,0.014115280623672129,0.002239921602491719,-0.0006753479207574501,0.012733228999870066,0.005683891764089613,1
638,-0.030729969264800643,-0.019387314673548716,-0.027206747275812727,0.012384783523993657,-0.03870881957726404,-0.01940845976959035,-0.019961446324165254,1
639,0.00254078327752268,-0.009476229679081856,-0.004297588369311968,-0.01584985046390572,-0.0011500247198057202,-0.004366383326567998,-0.006327380592821877,1
640,-0.03270770461988392,-0.008446179614972682,-0.01524657395173279,-0.0001380237836826164,-0.023338636420527425,-0.017618638948809724,-0.013509831215374244,1
641,-8.402903713369955e-05,-0.004344499600772912,-0.005346788478119861,-0.003927235827637221,-0.016735757513361538,-0.005738605354130675,-0.009243579109928297,1
642,-0.006239893415706949,-0.005647577365638319,-0.031011525148583734,-0.007063046892542434,0.00634633966157819,-0.02002939371022085,0.0009356231383875241,1
643,-0.010549307909067097,0.005729732656234815,0.0034409510273900375,-0.012924188608869408,-0.009518037782240456,-0.00011766134236060414,-0.0047349915490960594,1
644,-0.0025661080138363822,-0.008052952646207414,-0.0051756836669427575,-0.0017636915793723031,0.008205018382545422,-0.007884418088653918,-0.002153877979880208,1
645,-0.014424620049231654,-0.017360139911988395,-0.01771103805159158,-0.00848256820310283,-0.024592719371765295,-0.020017811904319775,-0.015374929142451779,1
646,-0.0069485200459492155,-0.004265869438354471,-0.008454011880061401,0.02590194740841443,0.0016075147376041485,-0.004381044362544165,0.0004198969353738726,1
647,0.006233722786121607,-0.0001528064953751335,-0.0016079216295025152,-0.00978195421926758,0.004375558298749143,-0.0003636437534642003,-0.0002992762156086065,1
648,0.003610993939351121,0.012426763892977002,0.004559549596493195,-0.013875075818193807,0.00116864282674233,0.005814025563690484,0.003535190688460163,1
649,-0.00042111332879101045,-0.010157554678611984,-0.0063970788323109784,0.01178824359635484,0.0057103718176787855,-0.006959175163570537,-0.0060708527668069615,1
650,0.002107756431679094,0.006140522255682223,0.0034857406649165955,0.022105384865330792,0.006689601953769685,0.002313944491402549,0.00471208817114658,1
651,-0.0015920449154195385,-0.013690920347201548,-0.006969800241606882,-0.004910403372826748,0.00219861318396375,-0.011124901169519965,-0.006775304952086149,1
652,-0.00027990187342677463,-0.010817572032954794,-0.005981357775142972,-0.011250572623234995,0.002856952633749472,-0.009202705338699222,-0.0004062658933826164,1
653,0.002286530983641958,-0.011903942856953306,-0.011981419955492772,-0.030970268135854948,0.019936362343537933,-0.009486818691263521,-0.01017594729152715,1
654,0.0,-0.0024428476125508743,0.002382623070062293,0.0027483632681321365,0.0,0.00021620353028274056,0.007220304251759121,1
655,0.0010060393205108633,0.0020032638467025973,0.004780224752515595,0.00625228704869477,-0.007041219336317389,0.00337568581206684,0.0004127883804262442,1
656,-0.0022406191317551525,0.00854027876958137,0.008046557675670645,0.005692359180978111,-0.0002242408725665185,0.00907957973276301,0.004813286988319921,1
657,0.0002755067544098367,0.0022632421622455655,0.003874043884337314,-0.0005346645208983266,0.029304599842008623,0.009920580533764446,0.02415158891718653,1
658,-0.011896790800667086,0.0001144900379175728,-0.0028275058753124173,0.01938993548455166,-0.008940093336093002,0.0025471915973693175,0.007425844070756764,1
659,-0.0013161746215779573,0.0008199317049471872,-0.0033296677673579126,-0.0005684075249467718,-0.008410720946568247,-0.0001664928496644012,-0.005209233067626876,1
660,-0.0010518957360121208,-0.002445812929720655,-0.0010184690279894505,0.007524863138751747,0.00012140831337780563,-0.0018495222891665214,0.006484673759684973,1
661,-0.01941162118631142,-0.018764092233418066,-0.0142851375859117,-0.02148204972117201,-0.019420873414665703,-0.01668570299206252,-0.019117715797392458,1
662,0.001103067167383988,-0.004101468142896995,-0.007939470064253044,0.009929550558198696,0.0022387372078965673,-0.004346244923486861,-0.00046018583755783765,1
663,-0.00031001426516677244,-0.0034631659850218295,-0.004953948880712962,-0.0033729430041302974,-0.015075697205292336,-0.0047128992158383485,-0.008374030196477004,1
664,0.007188615646190894,0.0066256148568013705,0.010124568477914816,0.0016046322777466945,0.006353656921390982,0.007539488339024046,-0.0008289797083092295,1
665,0.000541157980389566,0.00013633510857928674,4.6883833671180766e-05,-0.006143731960510737,0.00459381127406655,-0.00010905473118153102,0.0010277667528026699,1
666,0.003723610105298774,0.0006464363548201543,-0.0038722430325975384,0.0016605890277346643,-0.008703684345349405,0.0005008572898179486,-0.006068579836970714,1
667,0.0017989879120377033,0.00011712355289349345,-0.0062128744858825176,0.0024699442516856115,-0.008771681256868832,0.00015267716521677265,-0.006494662963970685,1
668,0.0009087873730001359,-0.0002227206012962034,0.005167598655020797,0.002320305049715652,-0.005598607566122336,0.0029614849253035216,0.00289495960847247,1
669,1.8150659148943524e-05,-1.4542424656921156e-05,-8.13858407920458e-06,0.004632669895204818,-2.2023647346957427e-05,3.0500867963231815e-05,0.0044202642276868105,1
670,-0.021045547477410154,-0.012841325349871365,-0.009676442915402924,0.0015599655891326207,-0.010813947648857692,-0.012379654850135214,-0.0023527190666052093,1
671,0.015245604777304505,0.013317537358363427,0.01885684098615291,-0.0006849747993423671,0.016368771502559918,0.01690843954018705,0.004761295341403921,1
672,-0.0037627547875550196,-0.01547533267077908,-0.011902930117735506,-0.020243901005992174,0.009625022993773453,-0.015543177482542445,-0.008179928333998466,1
673,-0.0013168509085707625,-0.0011738465499104575,0.0017365891629553658,-0.006456222017118514,0.0014050094226990203,0.0005941072796590486,0.00043900930081563084,1
674,-0.0035990273862400697,0.017002898889566458,0.00936474565551136,0.0014518660228836973,-0.004696002785673838,0.011334664284415295,-0.0003274946228937853,1
675,0.00817967625449894,0.03289896368945122,0.035975456192823246,-0.00628926407873955,0.010633997544137538,0.03156293069966997,0.011202628672173087,1
676,-0.010056794519568575,0.0074370993520850625,0.003751439240589738,-0.012993930942959855,-0.009233270662913722,0.0007350919072682,-0.0056257346776488575,1
677,0.01465204923530547,0.01829495081402427,0.01964330945413013,-2.8195631335563645e-05,0.011867543562844592,0.01906599846051848,0.004991238669694622,1
678,-0.030621310002747607,-0.038670967500402706,-0.024685302691489535,-0.006259735083439261,-0.010688339881492065,-0.026060492627298405,-0.004701584182068548,1
679,-0.015506142316394174,-0.016944135491563865,-0.014009179314717134,-0.01476489379081103,-0.012220481524847764,-0.015252426486082842,-0.010631862335124649,1
680,0.019816984865232912,0.00543882258864616,0.0017924576331482323,-0.017313675153170834,0.01254459581670693,0.003997960035341803,-0.0013631554988995957,1
681,0.0030919576043831067,-0.00440378325203272,0.0005480068917144104,-0.008500203270421882,0.005567382309843957,-0.0004698625983131435,-0.0014612732674733273,1
682,0.00606879012309237,0.00849783743807631,0.010031902742303587,0.014493430337687727,0.013639489904124072,0.010376101540981852,0.009724982482416279,1
683,0.022463279918973972,0.025861893779169975,0.0180897165849107,0.003901823329530589,0.026374826871175656,0.01957568863703469,0.019465756690077194,1
684,0.0076693586573919805,0.005320619922304603,0.004749603694338334,-0.03064606103088189,-0.008110855888464507,0.0010298403809956092,-0.008231253154418843,1
685,0.007792482120506294,-0.000666032630383207,0.010758838826796967,0.05020431558655925,-0.003283122869214208,0.005960909587104375,0.01836370760992377,1
686,-0.0007493051561667323,0.008956084954823295,0.010363261982254342,0.003112768297241342,0.002720786347731008,0.01033513830075427,0.0033918752041903,1
687,0.0005941922476113541,0.0001484163689208644,-0.0029164296563617747,0.00029486065901182285,-0.004577406493527614,-0.002398043956517669,-0.004123233172097889,1
688,-0.011654086494941833,-0.01730017515134397,-0.009899189774555782,0.007724947971718726,0.0003501981891515177,-0.014064330409363172,0.00025934393468776386,1
689,0.007690940115836173,0.004941634136220684,0.0031853268639180084,0.007646805066432724,0.011712170466676344,0.003926671179346425,0.005926496278048847,1
690,-0.00991556719888784,-0.017674202332487985,-0.010831669575727077,0.01088151593403994,-0.0010671991744763375,-0.009927862915795282,0.0034452420080770523,1
691,0.02117262158778317,0.005779370542701216,0.0037128617909458817,-0.0024854856556943703,0.01697742378376165,0.005199238612634153,0.005325046222458247,1
692,-0.00635990974293721,-0.004258547738259167,0.0006898011837862686,-0.02650180773037081,0.00479198626985154,-0.0019615083620015327,-0.0005142530209307325,1
693,-0.023765337999294728,-0.006820888989716162,-0.014334866063894051,-0.002067530119102825,-0.00784166673115153,-0.011109451395287842,-0.005567991394537668,1
694,0.005927952960986567,0.007743515471522581,0.00967055646267125,0.014369542725981968,0.014692096356117366,0.009614235567400625,0.008573561133264376,1
695,-0.014801581689629974,-0.01620986261890227,-0.01401478248911647,-0.01422680913003077,-0.008900156037658178,-0.015383175789612298,-0.008795874292115834,1
696,-0.0024421907612956146,-0.004377473637705577,-0.0014374723133202688,0.007648623936922708,-0.000555115606223287,-0.002695263568331681,0.007313665499454408,1
697,0.026452456610823363,0.008357439717480666,0.009195712077448435,-0.006174394127106157,0.019430751394356956,0.011597056290058307,0.0012617424444145546,1
698,0.021185229189823036,-0.006821899009723446,-0.006827065395788201,0.020194425174521097,0.03527096946269904,-0.006362943601609665,0.01294483797760893,1
699,-0.002682390602856209,-0.006263838046571795,-0.0055435701123435,0.003982664132723363,0.004095184236926642,-0.004104099390472472,-0.0006255362457974185,1
700,0.0022554282956654573,0.007943659526882259,0.004357696337472495,-0.006557278201288668,-0.0070080032441092845,0.005621368830514702,-0.00025799196145507436,1
701,-0.02726385341694658,-0.02640951496758767,-0.02149343876455629,0.004490703883867427,-0.03326756300726707,-0.02444348162114119,-0.010671952177548363,1
702,-0.02411698841477579,-0.006289861340796111,-0.015881150765969906,-0.002867198951707039,-0.007748260477328165,-0.010963368337158623,-0.005570389945040045,1
703,0.0019030518440309617,0.009235451327155074,0.007433154046164752,0.002600044199509554,0.001048126916335956,0.007708559824100776,0.00666550308566792,1
704,-0.00745096172112928,-0.006104728662280711,0.0005828840026888013,0.01010085859824168,-0.013560013597412799,-0.0027658259360151395,-0.0020890717267913264,1
705,-0.0003605984742353315,0.0017629870408216344,-0.0004701208164514369,-0.005913728846635866,-0.013411374936436165,0.0008197602084196497,-0.0012496966261721348,1
706,0.016875060366625675,0.0019579508095921316,0.004240513095572128,-0.00779414852749865,0.02217529091684739,0.002671634205900081,0.0017580366797816925,1
707,0.007455073797454232,0.009895157001657901,0.0075969056765984415,-0.01362900597784826,0.00939434920019768,0.0081002606569602,0.0028287500502495594,1
708,0.0043899751180763065,0.00013436420095387186,-0.0019920412483159624,-0.007492321792313299,0.0032775727544853486,-0.000324294989958377,4.246815942283893e-05,1
709,-0.0163966429721295,-0.018019208190129716,-0.016434087522300213,0.012431521491023776,-0.009669605299155525,-0.016227059908873687,0.0010246939702186603,1
710,5.835406043183493e-05,-0.0038677842393397477,-0.007758305475020271,-0.0027046486253815053,0.0163083951387376,-0.006255408832442784,0.002742234180970295,1
711,0.0,-4.097603483855031e-05,-0.0020925359442940717,-0.005113042825722091,-0.01821099206377969,-0.003769341882139031,-0.013206526836937345,1
712,0.013153879953800011,0.023771727697256172,0.037237324950211356,-0.014269409217310196,0.005162631994189764,0.030828545223462102,0.007868685616501591,1
713,-0.007245757887203558,0.01720184638402575,0.010396779939537781,-0.013883725276035416,-0.005038749058429949,0.013987843289401738,-0.0009088054197921597,1
714,-0.004943023978563421,-0.001971280766096204,-0.003954916143213657,-0.01931082840993488,-0.0007379240366578057,-0.004191764723062602,-0.0017481355016855478,1
715,0.00471471842541325,0.003881554078649881,0.01065890742312071,-0.02397488754466009,0.016339104274077833,0.00563659047674513,0.00411940009359901,1
716,0.0027582021220713955,-0.004675361575768783,0.0014032406521511734,-0.007436031466699722,0.007137682339017864,-0.00039277200130557354,-9.63214776825365e-05,1
717,-0.0006599570097721869,-0.0021004576196927867,-0.015011674721643059,0.02104257236453398,0.000658480876144718,-0.010495041205626705,0.001089273418830603,1
718,0.0031810620172780454,-0.00111584725103333,-0.002929813601533801,0.0005012098067421196,0.006689392686235996,-0.0020557576305845534,-0.0008494192511574361,1
719,-0.0022896125751097917,-0.01388095082920493,-0.012401427908073952,-0.011670418636337193,0.0050399726833602375,-0.013851129042537776,-0.005821284484144909,1
720,0.004392552465139709,0.001053966211558878,0.00031397458550679123,-0.02591172786109051,0.007537413843329332,-0.0005539896386389228,-0.011414446619126245,1
721,0.01193462408310107,0.025308752135307165,0.04178173463970429,-0.014405081496826299,0.007157844657938115,0.03374185708490221,0.008201619924588274,1
722,0.006228817754821297,-0.00015383754709291392,-0.0015991148986786233,-0.009787097481591421,0.004381161567204499,-0.0003619082327653685,-0.0003016197911503963,1
723,0.0025887967495710216,0.008395036659453294,0.007757614162050475,-0.0044912442372360695,-0.0013530047656759843,0.007552786885395377,0.003284230596944491,1
724,0.004479563802231558,0.006638600867254504,0.007841336838519815,0.00446621352878179,0.00888107192788632,0.0060227167402194534,0.004227915424841019,1
725,0.017188587583624435,0.018730061939451686,0.018213983816242053,0.0008609477050953506,0.016939433639415982,0.015492684035749578,0.012736501433235261,1
726,0.02639989019946691,0.030741712354574475,0.015457970975755795,0.01588934257056629,0.03722409309861238,0.019644240009230683,0.032021850863902176,1
727,-0.00817232545800362,-0.010979346889728035,-0.018289108267279967,-0.003920825766087809,-0.020948426550498327,-0.00642478897717098,-0.0126360415402092,1
728,-0.002407849826806639,0.01613883381739735,0.007590123223937556,0.001594181329196642,-0.008514453434780404,0.009209548927962087,-0.0032333601781503393,1
729,-0.0012238459468840966,-0.003829561553677855,-0.00847996666861746,-0.018119634256664924,-0.0048470040702131316,-0.006366404570635382,-0.0050899447598841095,1
730,0.002162151519058225,-0.000835214624907704,-0.00037329579140614813,0.004047092872307897,0.0011868602242871803,-0.0021430196920720446,1.6102741117884987e-05,1
731,0.0038877607689772435,0.011471802013752717,0.009038469389032935,-7.518188608084472e-05,0.004544997336877567,0.011640693090937002,0.0043636272353134425,1
732,-0.01025878415294744,0.0013729902467805631,-0.003130781059293924,-0.014494708360734453,-0.01177366797458972,-0.0030052845987563644,-0.011775450160123133,1
733,-0.0009742063503954904,-0.005763331983919832,-0.0010912972467419367,0.02700059107843322,-0.006117059964857549,-0.0026852619008379103,0.00796277547612192,1
734,-0.01079191432574617,-0.000628440607981273,0.00588198677897923,-0.0003871511761963523,-0.015403829458551227,0.001532126328157012,0.0019692291524080405,1
735,-0.01308118476961476,0.00922418136608864,0.002535725781883429,-0.006107639730400093,-0.013144729271277966,0.007697474171325646,0.0020703996253959916,1
736,0.004682419581458142,-0.007111083179793001,-0.0038760090589599395,-0.014204277334012172,-0.0013766706354956405,-0.003565094346057253,-0.006204996363749389,1
737,-0.0051157787297030745,0.00796987386839508,0.01073107184091647,0.0028932272725562713,0.02491890949780544,0.015606158291644941,0.02547858085540979,1
738,-0.010606373564534711,-0.015634012581693287,-0.007028544664003334,0.0001943747932841738,-0.005380936737444868,-0.01007945618383568,-0.003906521749795446,1
739,-0.0005224077058622956,-0.005361648680563093,-0.005550386810642675,-0.005983727488117434,0.010097574398623417,-0.0063194023706511565,-0.00048750460796300767,1
740,0.001819398360611547,0.00013469146097191877,-0.00166607791551058,-0.0014350549484450246,-0.00026008676341733854,-0.00026448795693510005,0.0013286222154066073,1
741,-0.004024551921823797,-0.0006173609906200903,-0.0011981035815895515,-0.0017943128155851968,-0.014194216502460838,-0.0029299350026543757,-0.007694201496374167,1
742,-0.013673662547495873,-0.019496168195391364,-0.014994111633071901,-0.030628449197839264,-0.022652834162402238,-0.01994792399179217,-0.02878802219716568,1
743,0.007640103961592757,0.0014135884769306368,0.006414258375653917,0.0022321819109870264,0.0008504036857921839,0.0014462704190949306,-0.0012110566427565844,1
744,0.001783213409501824,-0.0021538875098972713,-0.004030675348471244,0.0012800793761299474,0.0035939303491862255,-0.001729319306877441,0.0017376656535582353,1
745,-0.0023024540210877615,-0.014433946868212023,-0.013176702880039113,-0.009412678274357598,0.005016608797825637,-0.014365545622763393,-0.006512821999599793,1
746,-0.015175846339931099,0.014564770585303814,0.007230283689960117,-0.0007803326152039211,-0.0297732747638016,0.013250333552594862,-0.0009728614595330121,1
747,-0.03162643992220809,-0.025452805981166463,-0.02260960640274229,-0.005255499112215475,-0.04752327201630081,-0.02806079899951998,-0.01986651149744671,1
748,0.005541516027135984,-0.0013394519688297486,0.005111010901288916,0.003126883663662366,0.0024664265744654074,0.000647536460759918,0.004594059759745996,1
749,0.017876335348087944,0.01829045411450329,0.018713400846395202,0.0005510392933084343,0.016262477093861444,0.01582612253334325,0.012016685012848466,1
