,bin_1,bin_2,bin_3,bin_4,bin_5,bin_6,bin_7,bin_8,bin_9,bin_10,bin_11,bin_12,bin_13,bin_14,bin_15,bin_16,bin_17,bin_18,bin_19,bin_20,bin_21,bin_22,bin_23,bin_24,bin_25,bin_26
0,0,0,0,0,0,10,10,10,10,10,0,0,0,0,0,0,0,0,0,0,0,0,0,0,0,0
1,0,0,0,0,0,2,5,4,4,3,4,4,4,4,0,0,4,4,0,4,0,0,4,0,0,0
2,0,0,0,0,0,6,6,6,4,3,2,2,2,3,0,0,4,1,0,1,0,0,5,0,2,3
3,0,0,0,0,0,4,4,4,4,4,2,3,4,4,0,0,3,3,0,2,0,0,4,0,2,3
4,0,0,0,0,0,3,6,3,2,3,3,3,3,3,0,3,3,3,0,3,0,0,3,0,3,3
5,0,0,0,0,0,3,3,3,3,3,3,3,3,2,0,3,3,2,4,3,0,0,3,0,3,3
6,0,0,0,0,0,2,3,3,3,2,2,3,3,4,0,4,2,3,4,4,0,0,2,0,3,3
7,0,0,0,0,0,1,5,3,3,3,2,3,3,3,0,3,3,3,3,3,0,0,3,0,3,3
8,0,0,0,0,0,0,5,3,3,3,3,3,3,3,0,3,3,3,3,3,0,0,3,0,3,3
9,0,0,0,0,0,0,2,2,3,3,2,3,6,3,0,3,3,4,4,3,0,0,3,0,3,3
10,0,0,0,0,0,0,2,1,3,3,3,3,5,3,0,4,2,4,4,2,0,0,4,0,3,4
11,0,0,0,0,0,0,6,3,2,3,3,3,3,3,0,3,3,3,3,3,0,0,3,0,3,3
12,0,0,0,0,0,0,2,2,2,8,3,3,3,3,0,3,3,3,3,3,0,0,3,0,3,3
13,0,0,0,0,0,0,5,3,3,3,3,3,3,3,0,3,3,3,3,3,0,0,3,0,3,3
14,0,0,0,0,0,0,2,2,3,2,2,3,3,3,0,4,4,4,3,3,0,0,4,0,4,4
15,0,0,0,0,0,0,3,1,2,1,3,3,3,4,0,3,4,4,4,3,0,0,4,0,4,4
16,0,0,0,0,0,0,2,0,2,3,3,3,3,3,0,4,3,4,4,4,0,0,4,0,4,4
17,0,0,0,0,0,0,0,0,3,3,3,3,3,3,0,4,4,4,4,4,0,0,4,0,4,4
18,0,0,0,0,0,0,0,0,3,3,3,3,2,4,0,4,4,4,4,4,0,0,4,0,4,4
19,0,0,0,0,0,0,0,0,2,3,3,3,3,4,0,4,4,4,4,4,0,0,4,0,4,4
20,0,0,0,0,0,0,0,0,2,2,2,4,4,4,0,4,4,4,4,4,0,0,4,0,4,4
21,0,0,0,0,0,0,0,0,3,2,0,3,6,4,0,4,4,4,4,4,0,0,4,0,4,4
22,0,0,0,0,0,0,0,0,3,4,0,3,4,4,0,4,4,4,4,4,0,0,4,0,4,4
23,0,0,0,0,0,0,0,0,2,3,0,3,3,3,0,4,4,4,4,4,0,0,4,4,4,4
24,0,0,0,0,0,0,0,0,2,2,0,2,4,4,0,4,4,4,4,4,0,0,4,4,4,4
25,0,0,0,0,0,0,0,0,3,3,0,2,3,3,0,4,4,4,4,4,0,0,4,4,4,4
26,0,0,0,0,0,0,0,0,2,3,0,3,3,4,0,4,4,4,3,4,0,0,4,4,4,4
27,0,0,0,0,0,0,0,0,0,3,0,3,3,3,3,4,4,3,4,4,0,0,4,4,4,4
28,0,0,0,0,0,0,0,0,0,1,0,3,3,4,4,4,4,4,4,4,0,0,4,4,3,4
29,0,0,0,0,0,0,0,0,0,3,0,3,3,3,4,4,4,4,4,3,0,0,3,4,4,4
30,0,0,0,0,0,0,0,0,0,3,0,3,3,4,4,4,4,4,4,4,0,0,4,3,2,4
31,0,0,0,0,0,0,0,0,0,3,0,3,3,3,4,4,4,4,4,4,0,4,3,1,3,3
32,0,0,0,0,0,0,0,0,0,2,0,2,3,3,3,3,4,4,4,4,0,4,3,4,3,4
33,0,0,0,0,0,0,0,0,0,1,0,7,3,3,3,3,3,3,3,3,3,3,3,3,3,3
34,0,0,0,0,0,0,0,0,0,7,0,2,3,2,3,3,3,3,3,3,3,3,3,3,3,3
35,0,0,0,0,0,0,0,0,0,6,0,2,3,3,3,3,3,3,3,3,3,3,3,3,3,3
36,0,0,0,0,0,0,0,0,0,2,0,6,3,3,3,3,3,3,3,3,3,3,3,3,3,3
37,0,0,0,0,0,0,0,0,0,6,0,3,3,3,3,2,3,3,3,3,3,3,3,3,3,3
38,0,0,0,0,0,0,0,0,0,6,0,3,3,3,2,3,3,3,3,3,3,3,3,3,3,3
39,0,0,0,0,0,0,0,0,0,2,0,6,3,3,3,3,3,3,3,3,3,3,3,3,3,3
40,0,0,0,0,0,0,0,0,0,1,0,7,3,3,3,3,3,3,3,3,3,3,3,3,3,3
41,0,0,0,0,0,0,0,0,0,0,0,3,2,3,4,3,3,3,3,3,4,3,4,4,4,4
42,0,0,0,0,0,0,0,0,0,0,0,3,4,4,4,3,3,3,3,3,3,3,4,3,4,3
43,0,0,0,0,0,0,0,0,0,0,0,2,3,3,8,4,3,3,3,3,3,3,3,3,3,3
44,0,0,0,0,0,0,0,0,0,0,0,9,2,3,3,3,3,3,3,3,3,3,3,3,3,3
45,0,0,0,0,0,0,0,0,0,0,0,8,3,3,3,3,3,3,3,3,3,3,3,3,3,3
46,0,0,0,0,0,0,0,0,0,0,0,8,3,3,3,3,3,3,3,3,3,3,3,3,3,3
47,0,0,0,0,0,0,0,0,0,0,0,3,3,3,3,3,3,8,2,3,3,3,3,4,3,3
48,0,0,0,0,0,0,0,0,0,0,0,3,3,3,3,3,3,3,3,3,3,3,3,7,3,4
49,0,0,0,0,0,0,0,0,0,0,0,3,3,3,3,3,3,3,3,2,3,3,7,4,3,4
50,0,0,0,0,0,0,0,0,0,0,0,3,3,3,3,3,2,4,4,3,3,3,4,4,4,4
51,0,0,0,0,0,0,0,0,0,0,0,2,2,2,3,3,4,4,4,3,3,4,4,4,4,4
52,0,0,0,0,0,0,0,0,0,0,0,8,3,3,3,3,3,3,3,3,3,3,3,3,3,3
53,0,0,0,0,0,0,0,0,0,0,0,9,3,2,3,3,3,3,3,3,3,3,3,3,3,3
54,0,0,0,0,0,0,0,0,0,0,0,3,3,2,3,3,3,4,4,3,4,3,4,3,4,4
55,0,0,0,0,0,0,0,0,0,0,0,1,2,3,3,3,3,4,4,4,3,4,4,4,4,4
56,0,0,0,0,0,0,0,0,0,0,0,2,0,1,3,4,4,4,4,4,4,4,4,4,4,4
57,0,0,0,0,0,0,0,0,0,0,0,3,0,3,3,3,3,4,4,4,4,3,4,4,4,4
58,0,0,0,0,0,0,0,0,0,0,0,0,0,6,2,3,3,4,4,4,4,4,4,4,4,4
59,0,0,0,0,0,0,0,0,0,0,0,0,0,2,3,3,6,4,4,4,4,4,4,4,4,4
60,0,0,0,0,0,0,0,0,0,0,0,0,0,2,3,3,3,7,4,4,4,4,4,4,4,4
61,0,0,0,0,0,0,0,0,0,0,0,0,0,0,2,3,4,4,4,4,4,5,5,5,5,5
62,0,0,0,0,0,0,0,0,0,0,0,0,0,0,3,2,4,4,4,4,4,4,6,5,5,5
63,0,0,0,0,0,0,0,0,0,0,0,0,0,0,2,3,2,2,4,4,5,5,5,6,6,6
64,0,0,0,0,0,0,0,0,0,0,0,0,0,0,1,1,1,7,5,5,5,5,5,5,5,5
65,0,0,0,0,0,0,0,0,0,0,0,0,0,0,2,0,0,3,5,5,5,6,6,6,6,6
66,0,0,0,0,0,0,0,0,0,0,0,0,0,0,1,0,0,3,5,5,6,6,6,6,6,6
67,0,0,0,0,0,0,0,0,0,0,0,0,0,0,4,0,0,3,5,5,5,5,5,6,6,6
68,0,0,0,0,0,0,0,0,0,0,0,0,0,0,3,0,0,2,5,5,6,5,6,6,6,6
69,0,0,0,0,0,0,0,0,0,0,0,0,0,0,3,0,0,7,5,5,5,5,5,5,5,5
70,0,0,0,0,0,0,0,0,0,0,0,0,0,0,6,0,0,5,5,5,5,4,5,5,5,5
71,0,0,0,0,0,0,0,0,0,0,0,0,0,0,3,0,0,7,5,5,5,5,5,5,5,5
72,0,0,0,0,0,0,0,0,0,0,0,0,0,0,3,0,0,7,5,5,5,5,5,5,5,5
73,0,0,0,0,0,0,0,0,0,0,0,0,0,0,0,0,0,5,5,6,6,6,5,6,6,5
74,0,0,0,0,0,0,0,0,0,0,0,0,0,0,0,0,0,5,5,8,6,6,4,5,6,5
75,0,0,0,0,0,0,0,0,0,0,0,0,0,0,0,0,0,5,4,5,6,6,6,6,6,6
76,0,0,0,0,0,0,0,0,0,0,0,0,0,0,0,0,0,4,6,6,6,6,6,5,6,5
77,0,0,0,0,0,0,0,0,0,0,0,0,0,0,0,0,0,2,6,6,6,6,6,6,6,6
78,0,0,0,0,0,0,0,0,0,0,0,0,0,0,0,0,0,2,6,6,6,6,6,6,6,6
79,0,0,0,0,0,0,0,0,0,0,0,0,0,0,0,0,0,5,5,6,6,6,6,6,5,5
80,0,0,0,0,0,0,0,0,0,0,0,0,0,0,0,0,0,5,5,5,6,6,5,6,6,6
81,0,0,0,0,0,0,0,0,0,0,0,0,0,0,0,0,0,5,5,6,6,6,5,5,6,6
82,0,0,0,0,0,0,0,0,0,0,0,0,0,0,0,0,0,5,5,6,6,5,6,6,6,5
83,0,0,0,0,0,0,0,0,0,0,0,0,0,0,0,0,0,6,6,6,6,5,4,6,6,5
84,0,0,0,0,0,0,0,0,0,0,0,0,0,0,0,0,0,5,6,6,6,6,4,6,5,6
85,0,0,0,0,0,0,0,0,0,0,0,0,0,0,0,0,0,5,5,5,6,6,6,5,6,6
86,0,0,0,0,0,0,0,0,0,0,0,0,0,0,0,0,0,5,5,5,6,5,6,6,6,6
87,0,0,0,0,0,0,0,0,0,0,0,0,0,0,0,0,0,5,5,6,6,6,6,6,5,5
88,0,0,0,0,0,0,0,0,0,0,0,0,0,0,0,0,0,5,5,5,6,6,6,6,6,5
89,0,0,0,0,0,0,0,0,0,0,0,0,0,0,0,0,0,4,7,6,6,5,6,5,6,5
90,0,0,0,0,0,0,0,0,0,0,0,0,0,0,0,0,0,5,6,6,5,6,6,5,6,5
91,0,0,0,0,0,0,0,0,0,0,0,0,0,0,0,0,0,4,6,6,6,6,6,6,6,4
92,0,0,0,0,0,0,0,0,0,0,0,0,0,0,0,0,0,4,6,7,7,7,6,6,4,3
93,0,0,0,0,0,0,0,0,0,0,0,0,0,0,0,0,0,0,8,6,6,6,6,6,6,6
94,0,0,0,0,0,0,0,0,0,0,0,0,0,0,0,0,0,0,6,7,7,7,4,6,6,7
95,0,0,0,0,0,0,0,0,0,0,0,0,0,0,0,0,0,0,6,5,8,7,6,6,6,6
96,0,0,0,0,0,0,0,0,0,0,0,0,0,0,0,0,0,0,5,9,6,6,6,6,6,6
97,0,0,0,0,0,0,0,0,0,0,0,0,0,0,0,0,0,0,6,6,6,7,7,5,6,7
98,0,0,0,0,0,0,0,0,0,0,0,0,0,0,0,0,0,0,5,9,6,6,6,6,6,6
99,0,0,0,0,0,0,0,0,0,0,0,0,0,0,0,0,0,0,6,7,7,6,5,6,6,7
100,0,0,0,0,0,0,0,0,0,0,0,0,0,0,0,0,0,0,4,6,7,7,7,7,6,6
101,0,0,0,0,0,0,0,0,0,0,0,0,0,0,0,0,0,0,0,8,7,7,7,7,7,7
102,0,0,0,0,0,0,0,0,0,0,0,0,0,0,0,0,0,0,0,7,8,8,8,8,5,6
103,0,0,0,0,0,0,0,0,0,0,0,0,0,0,0,0,0,0,0,7,7,8,8,8,6,6
104,0,0,0,0,0,0,0,0,0,0,0,0,0,0,0,0,0,0,0,6,7,8,8,7,7,7
105,0,0,0,0,0,0,0,0,0,0,0,0,0,0,0,0,0,0,0,7,7,9,6,7,7,7
106,0,0,0,0,0,0,0,0,0,0,0,0,0,0,0,0,0,0,0,8,7,7,7,7,7,7
107,0,0,0,0,0,0,0,0,0,0,0,0,0,0,0,0,0,0,0,7,6,9,7,7,7,7
108,0,0,0,0,0,0,0,0,0,0,0,0,0,0,0,0,0,0,0,6,7,8,6,8,8,7
109,0,0,0,0,0,0,0,0,0,0,0,0,0,0,0,0,0,0,0,7,6,8,7,8,7,7
110,0,0,0,0,0,0,0,0,0,0,0,0,0,0,0,0,0,0,0,6,7,8,7,8,7,7
111,0,0,0,0,0,0,0,0,0,0,0,0,0,0,0,0,0,0,0,6,6,8,8,7,7,8
112,0,0,0,0,0,0,0,0,0,0,0,0,0,0,0,0,0,0,0,7,6,9,7,7,7,7
113,0,0,0,0,0,0,0,0,0,0,0,0,0,0,0,0,0,0,0,6,9,7,7,7,7,7
114,0,0,0,0,0,0,0,0,0,0,0,0,0,0,0,0,0,0,0,7,6,7,7,8,7,8
115,0,0,0,0,0,0,0,0,0,0,0,0,0,0,0,0,0,0,0,5,7,7,7,8,8,8
116,0,0,0,0,0,0,0,0,0,0,0,0,0,0,0,0,0,0,0,4,7,8,7,8,8,8
117,0,0,0,0,0,0,0,0,0,0,0,0,0,0,0,0,0,0,0,7,6,7,7,9,7,7
118,0,0,0,0,0,0,0,0,0,0,0,0,0,0,0,0,0,0,0,1,8,8,8,8,9,8
119,0,0,0,0,0,0,0,0,0,0,0,0,0,0,0,0,0,0,0,7,7,6,8,7,8,7
120,0,0,0,0,0,0,0,0,0,0,0,0,0,0,0,0,0,0,0,7,7,6,7,8,8,7
121,0,0,0,0,0,0,0,0,0,0,0,0,0,0,0,0,0,0,0,9,7,7,7,7,7,6
122,0,0,0,0,0,0,0,0,0,0,0,0,0,0,0,0,0,0,0,7,7,6,8,8,7,7
123,0,0,0,0,0,0,0,0,0,0,0,0,0,0,0,0,0,0,0,9,7,7,7,7,7,6
124,0,0,0,0,0,0,0,0,0,0,0,0,0,0,0,0,0,0,0,8,6,7,8,8,7,6
125,0,0,0,0,0,0,0,0,0,0,0,0,0,0,0,0,0,0,0,7,6,7,8,8,8,6
126,0,0,0,0,0,0,0,0,0,0,0,0,0,0,0,0,0,0,0,8,5,7,8,8,7,7
127,0,0,0,0,0,0,0,0,0,0,0,0,0,0,0,0,0,0,0,9,5,8,7,8,7,6
128,0,0,0,0,0,0,0,0,0,0,0,0,0,0,0,0,0,0,0,7,7,9,6,7,7,7
129,0,0,0,0,0,0,0,0,0,0,0,0,0,0,0,0,0,0,0,9,7,6,7,7,7,7
130,0,0,0,0,0,0,0,0,0,0,0,0,0,0,0,0,0,0,0,7,7,8,8,8,7,5
131,0,0,0,0,0,0,0,0,0,0,0,0,0,0,0,0,0,0,0,9,7,7,7,6,7,7
132,0,0,0,0,0,0,0,0,0,0,0,0,0,0,0,0,0,0,0,7,7,8,8,8,7,5
133,0,0,0,0,0,0,0,0,0,0,0,0,0,0,0,0,0,0,0,6,9,7,7,7,7,7
134,0,0,0,0,0,0,0,0,0,0,0,0,0,0,0,0,0,0,0,6,7,7,10,8,6,6
135,0,0,0,0,0,0,0,0,0,0,0,0,0,0,0,0,0,0,0,6,5,8,8,8,7,8
136,0,0,0,0,0,0,0,0,0,0,0,0,0,0,0,0,0,0,0,7,6,7,7,8,8,7
137,0,0,0,0,0,0,0,0,0,0,0,0,0,0,0,0,0,0,0,7,5,7,8,8,8,7
138,0,0,0,0,0,0,0,0,0,0,0,0,0,0,0,0,0,0,0,6,9,7,7,7,7,7
139,0,0,0,0,0,0,0,0,0,0,0,0,0,0,0,0,0,0,0,4,5,7,9,9,9,7
140,0,0,0,0,0,0,0,0,0,0,0,0,0,0,0,0,0,0,0,9,6,7,7,7,7,7
141,0,0,0,0,0,0,0,0,0,0,0,0,0,0,0,0,0,0,0,9,6,7,7,7,7,7
142,0,0,0,0,0,0,0,0,0,0,0,0,0,0,0,0,0,0,0,7,6,6,7,8,8,8
143,0,0,0,0,0,0,0,0,0,0,0,0,0,0,0,0,0,0,0,5,6,8,8,8,7,8
144,0,0,0,0,0,0,0,0,0,0,0,0,0,0,0,0,0,0,0,6,7,7,7,7,8,8
145,0,0,0,0,0,0,0,0,0,0,0,0,0,0,0,0,0,0,0,9,6,7,7,7,7,7
146,0,0,0,0,0,0,0,0,0,0,0,0,0,0,0,0,0,0,0,5,5,7,8,6,8,11
147,0,0,0,0,0,0,0,0,0,0,0,0,0,0,0,0,0,0,0,8,7,7,7,7,7,7
148,0,0,0,0,0,0,0,0,0,0,0,0,0,0,0,0,0,0,0,8,6,6,8,7,7,8
149,0,0,0,0,0,0,0,0,0,0,0,0,0,0,0,0,0,0,0,7,7,7,6,7,8,8
150,0,0,0,0,0,0,0,0,0,0,0,0,0,0,0,0,0,0,0,7,7,7,7,7,6,9
151,0,0,0,0,0,0,0,0,0,0,0,0,0,0,0,0,0,0,0,7,7,7,5,7,9,8
152,0,0,0,0,0,0,0,0,0,0,0,0,0,0,0,0,0,0,0,8,7,7,7,7,7,7
153,0,0,0,0,0,0,0,0,0,0,0,0,0,0,0,0,0,0,0,7,7,7,6,7,8,8
154,0,0,0,0,0,0,0,0,0,0,0,0,0,0,0,0,0,0,0,6,7,5,8,8,8,8
155,0,0,0,0,0,0,0,0,0,0,0,0,0,0,0,0,0,0,0,3,8,7,8,8,8,8
156,0,0,0,0,0,0,0,0,0,0,0,0,0,0,0,0,0,0,0,4,8,7,7,8,8,8
157,0,0,0,0,0,0,0,0,0,0,0,0,0,0,0,0,0,0,0,7,7,6,7,7,8,8
158,0,0,0,0,0,0,0,0,0,0,0,0,0,0,0,0,0,0,0,0,10,8,8,8,8,8
159,0,0,0,0,0,0,0,0,0,0,0,0,0,0,0,0,0,0,0,0,8,8,8,8,9,9
160,0,0,0,0,0,0,0,0,0,0,0,0,0,0,0,0,0,0,0,0,6,9,9,9,8,9
161,0,0,0,0,0,0,0,0,0,0,0,0,0,0,0,0,0,0,0,0,7,8,8,9,9,9
162,0,0,0,0,0,0,0,0,0,0,0,0,0,0,0,0,0,0,0,0,8,7,8,9,9,9
163,0,0,0,0,0,0,0,0,0,0,0,0,0,0,0,0,0,0,0,0,8,8,7,9,9,9
164,0,0,0,0,0,0,0,0,0,0,0,0,0,0,0,0,0,0,0,0,8,7,8,9,9,9
165,0,0,0,0,0,0,0,0,0,0,0,0,0,0,0,0,0,0,0,0,5,9,9,9,9,9
166,0,0,0,0,0,0,0,0,0,0,0,0,0,0,0,0,0,0,0,0,8,8,8,9,9,8
167,0,0,0,0,0,0,0,0,0,0,0,0,0,0,0,0,0,0,0,0,8,8,7,9,9,9
168,0,0,0,0,0,0,0,0,0,0,0,0,0,0,0,0,0,0,0,0,9,8,6,9,9,9
169,0,0,0,0,0,0,0,0,0,0,0,0,0,0,0,0,0,0,0,0,8,8,8,9,8,9
170,0,0,0,0,0,0,0,0,0,0,0,0,0,0,0,0,0,0,0,0,8,8,7,9,9,9
171,0,0,0,0,0,0,0,0,0,0,0,0,0,0,0,0,0,0,0,0,8,7,8,9,9,9
172,0,0,0,0,0,0,0,0,0,0,0,0,0,0,0,0,0,0,0,0,8,8,8,9,9,8
173,0,0,0,0,0,0,0,0,0,0,0,0,0,0,0,0,0,0,0,0,8,8,8,8,9,9
174,0,0,0,0,0,0,0,0,0,0,0,0,0,0,0,0,0,0,0,0,7,7,8,10,10,8
175,0,0,0,0,0,0,0,0,0,0,0,0,0,0,0,0,0,0,0,0,6,8,9,9,9,9
176,0,0,0,0,0,0,0,0,0,0,0,0,0,0,0,0,0,0,0,0,8,6,9,9,9,9
177,0,0,0,0,0,0,0,0,0,0,0,0,0,0,0,0,0,0,0,0,7,8,8,9,9,9
178,0,0,0,0,0,0,0,0,0,0,0,0,0,0,0,0,0,0,0,0,9,6,8,9,9,9
179,0,0,0,0,0,0,0,0,0,0,0,0,0,0,0,0,0,0,0,0,9,6,9,8,9,9
180,0,0,0,0,0,0,0,0,0,0,0,0,0,0,0,0,0,0,0,0,7,8,8,9,9,9
181,0,0,0,0,0,0,0,0,0,0,0,0,0,0,0,0,0,0,0,0,6,8,9,9,9,9
182,0,0,0,0,0,0,0,0,0,0,0,0,0,0,0,0,0,0,0,0,8,6,9,9,9,9
183,0,0,0,0,0,0,0,0,0,0,0,0,0,0,0,0,0,0,0,0,9,4,9,9,9,10
184,0,0,0,0,0,0,0,0,0,0,0,0,0,0,0,0,0,0,0,0,9,4,9,8,9,11
185,0,0,0,0,0,0,0,0,0,0,0,0,0,0,0,0,0,0,0,0,10,4,9,9,9,9
186,0,0,0,0,0,0,0,0,0,0,0,0,0,0,0,0,0,0,0,0,8,3,10,9,10,10
187,0,0,0,0,0,0,0,0,0,0,0,0,0,0,0,0,0,0,0,0,7,8,8,9,9,9
188,0,0,0,0,0,0,0,0,0,0,0,0,0,0,0,0,0,0,0,0,9,6,6,9,10,10
189,0,0,0,0,0,0,0,0,0,0,0,0,0,0,0,0,0,0,0,0,10,6,7,9,9,9
190,0,0,0,0,0,0,0,0,0,0,0,0,0,0,0,0,0,0,0,0,9,6,9,9,9,8
191,0,0,0,0,0,0,0,0,0,0,0,0,0,0,0,0,0,0,0,0,9,6,9,8,9,9
192,0,0,0,0,0,0,0,0,0,0,0,0,0,0,0,0,0,0,0,0,7,6,8,9,9,11
193,0,0,0,0,0,0,0,0,0,0,0,0,0,0,0,0,0,0,0,0,8,6,9,9,9,9
194,0,0,0,0,0,0,0,0,0,0,0,0,0,0,0,0,0,0,0,0,8,6,9,9,9,9
195,0,0,0,0,0,0,0,0,0,0,0,0,0,0,0,0,0,0,0,0,10,7,6,8,8,11
196,0,0,0,0,0,0,0,0,0,0,0,0,0,0,0,0,0,0,0,0,9,8,7,8,8,10
197,0,0,0,0,0,0,0,0,0,0,0,0,0,0,0,0,0,0,0,0,9,9,9,6,8,9
198,0,0,0,0,0,0,0,0,0,0,0,0,0,0,0,0,0,0,0,0,8,8,9,7,9,9
199,0,0,0,0,0,0,0,0,0,0,0,0,0,0,0,0,0,0,0,0,9,9,9,5,9,9
200,0,0,0,0,0,0,0,0,0,0,0,0,0,0,0,0,0,0,0,0,8,9,9,6,9,9
201,0,0,0,0,0,0,0,0,0,0,0,0,0,0,0,0,0,0,0,0,9,9,9,5,9,9
202,0,0,0,0,0,0,0,0,0,0,0,0,0,0,0,0,0,0,0,0,8,8,9,7,8,10
203,0,0,0,0,0,0,0,0,0,0,0,0,0,0,0,0,0,0,0,0,9,8,7,9,8,9
204,0,0,0,0,0,0,0,0,0,0,0,0,0,0,0,0,0,0,0,0,8,9,7,8,9,9
205,0,0,0,0,0,0,0,0,0,0,0,0,0,0,0,0,0,0,0,0,7,8,9,8,9,9
206,0,0,0,0,0,0,0,0,0,0,0,0,0,0,0,0,0,0,0,0,8,9,8,8,8,9
207,0,0,0,0,0,0,0,0,0,0,0,0,0,0,0,0,0,0,0,0,8,9,8,8,8,9
208,0,0,0,0,0,0,0,0,0,0,0,0,0,0,0,0,0,0,0,0,7,8,8,9,9,9
209,0,0,0,0,0,0,0,0,0,0,0,0,0,0,0,0,0,0,0,0,8,9,7,9,9,8
210,0,0,0,0,0,0,0,0,0,0,0,0,0,0,0,0,0,0,0,0,8,8,7,9,9,9
211,0,0,0,0,0,0,0,0,0,0,0,0,0,0,0,0,0,0,0,0,8,9,7,8,9,9
212,0,0,0,0,0,0,0,0,0,0,0,0,0,0,0,0,0,0,0,0,7,9,8,8,9,9
213,0,0,0,0,0,0,0,0,0,0,0,0,0,0,0,0,0,0,0,0,8,9,7,8,9,9
214,0,0,0,0,0,0,0,0,0,0,0,0,0,0,0,0,0,0,0,0,7,8,8,9,9,9
215,0,0,0,0,0,0,0,0,0,0,0,0,0,0,0,0,0,0,0,0,7,8,5,9,9,12
216,0,0,0,0,0,0,0,0,0,0,0,0,0,0,0,0,0,0,0,0,10,9,7,7,8,9
217,0,0,0,0,0,0,0,0,0,0,0,0,0,0,0,0,0,0,0,0,10,8,8,8,8,8
218,0,0,0,0,0,0,0,0,0,0,0,0,0,0,0,0,0,0,0,0,8,9,8,7,9,9
219,0,0,0,0,0,0,0,0,0,0,0,0,0,0,0,0,0,0,0,0,8,9,7,8,9,9
220,0,0,0,0,0,0,0,0,0,0,0,0,0,0,0,0,0,0,0,0,9,8,6,9,9,9
221,0,0,0,0,0,0,0,0,0,0,0,0,0,0,0,0,0,0,0,0,9,8,4,9,10,10
222,0,0,0,0,0,0,0,0,0,0,0,0,0,0,0,0,0,0,0,0,8,8,8,8,9,9
223,0,0,0,0,0,0,0,0,0,0,0,0,0,0,0,0,0,0,0,0,9,9,5,9,9,9
224,0,0,0,0,0,0,0,0,0,0,0,0,0,0,0,0,0,0,0,0,8,8,8,8,8,10
225,0,0,0,0,0,0,0,0,0,0,0,0,0,0,0,0,0,0,0,0,8,9,7,9,8,9
226,0,0,0,0,0,0,0,0,0,0,0,0,0,0,0,0,0,0,0,0,7,8,4,9,10,12
227,0,0,0,0,0,0,0,0,0,0,0,0,0,0,0,0,0,0,0,0,8,7,8,9,9,9
228,0,0,0,0,0,0,0,0,0,0,0,0,0,0,0,0,0,0,0,0,8,7,8,9,9,9
229,0,0,0,0,0,0,0,0,0,0,0,0,0,0,0,0,0,0,0,0,7,8,5,8,11,11
230,0,0,0,0,0,0,0,0,0,0,0,0,0,0,0,0,0,0,0,0,7,7,4,8,11,13
231,0,0,0,0,0,0,0,0,0,0,0,0,0,0,0,0,0,0,0,0,8,9,6,9,9,9
232,0,0,0,0,0,0,0,0,0,0,0,0,0,0,0,0,0,0,0,0,9,7,6,8,10,10
233,0,0,0,0,0,0,0,0,0,0,0,0,0,0,0,0,0,0,0,0,9,8,8,8,8,9
234,0,0,0,0,0,0,0,0,0,0,0,0,0,0,0,0,0,0,0,0,8,8,7,9,9,9
235,0,0,0,0,0,0,0,0,0,0,0,0,0,0,0,0,0,0,0,0,8,7,8,9,9,9
236,0,0,0,0,0,0,0,0,0,0,0,0,0,0,0,0,0,0,0,0,8,9,7,9,8,9
237,0,0,0,0,0,0,0,0,0,0,0,0,0,0,0,0,0,0,0,0,8,8,8,8,9,9
238,0,0,0,0,0,0,0,0,0,0,0,0,0,0,0,0,0,0,0,0,8,8,7,9,9,9
239,0,0,0,0,0,0,0,0,0,0,0,0,0,0,0,0,0,0,0,0,6,9,3,8,10,14
240,0,0,0,0,0,0,0,0,0,0,0,0,0,0,0,0,0,0,0,0,8,9,4,9,9,11
241,0,0,0,0,0,0,0,0,0,0,0,0,0,0,0,0,0,0,0,0,7,8,3,10,10,12
242,0,0,0,0,0,0,0,0,0,0,0,0,0,0,0,0,0,0,0,0,7,8,8,9,9,9
243,0,0,0,0,0,0,0,0,0,0,0,0,0,0,0,0,0,0,0,0,8,8,7,8,8,11
244,0,0,0,0,0,0,0,0,0,0,0,0,0,0,0,0,0,0,0,0,8,7,8,9,9,9
245,0,0,0,0,0,0,0,0,0,0,0,0,0,0,0,0,0,0,0,0,8,9,7,8,9,9
246,0,0,0,0,0,0,0,0,0,0,0,0,0,0,0,0,0,0,0,0,8,8,7,9,9,9
247,0,0,0,0,0,0,0,0,0,0,0,0,0,0,0,0,0,0,0,0,8,7,8,9,9,9
248,0,0,0,0,0,0,0,0,0,0,0,0,0,0,0,0,0,0,0,0,7,8,8,9,9,9
249,0,0,0,0,0,0,0,0,0,0,0,0,0,0,0,0,0,0,0,0,8,7,8,8,9,10
250,0,0,0,0,0,0,0,0,0,0,0,0,0,0,0,0,0,0,0,0,7,8,8,9,9,9
251,0,0,0,0,0,0,0,0,0,0,0,0,0,0,0,0,0,0,0,0,6,5,6,9,12,12
252,0,0,0,0,0,0,0,0,0,0,0,0,0,0,0,0,0,0,0,0,8,7,8,9,9,9
253,0,0,0,0,0,0,0,0,0,0,0,0,0,0,0,0,0,0,0,0,7,8,8,9,9,9
254,0,0,0,0,0,0,0,0,0,0,0,0,0,0,0,0,0,0,0,0,5,9,9,9,9,9
255,0,0,0,0,0,0,0,0,0,0,0,0,0,0,0,0,0,0,0,0,9,5,9,9,9,9
256,0,0,0,0,0,0,0,0,0,0,0,0,0,0,0,0,0,0,0,0,7,8,8,9,9,9
257,0,0,0,0,0,0,0,0,0,0,0,0,0,0,0,0,0,0,0,0,7,8,8,9,9,9
258,0,0,0,0,0,0,0,0,0,0,0,0,0,0,0,0,0,0,0,0,7,8,8,9,9,9
259,0,0,0,0,0,0,0,0,0,0,0,0,0,0,0,0,0,0,0,0,1,9,10,10,10,10
260,0,0,0,0,0,0,0,0,0,0,0,0,0,0,0,0,0,0,0,0,0,9,11,10,10,10
261,0,0,0,0,0,0,0,0,0,0,0,0,0,0,0,0,0,0,0,0,0,11,9,10,10,10
262,0,0,0,0,0,0,0,0,0,0,0,0,0,0,0,0,0,0,0,0,0,8,10,10,11,11
263,0,0,0,0,0,0,0,0,0,0,0,0,0,0,0,0,0,0,0,0,0,11,9,10,10,10
264,0,0,0,0,0,0,0,0,0,0,0,0,0,0,0,0,0,0,0,0,0,5,12,11,11,11
265,0,0,0,0,0,0,0,0,0,0,0,0,0,0,0,0,0,0,0,0,0,7,11,10,11,11
266,0,0,0,0,0,0,0,0,0,0,0,0,0,0,0,0,0,0,0,0,0,7,10,11,11,11
267,0,0,0,0,0,0,0,0,0,0,0,0,0,0,0,0,0,0,0,0,0,7,10,11,11,11
268,0,0,0,0,0,0,0,0,0,0,0,0,0,0,0,0,0,0,0,0,0,7,10,12,11,10
269,0,0,0,0,0,0,0,0,0,0,0,0,0,0,0,0,0,0,0,0,0,7,11,11,11,10
270,0,0,0,0,0,0,0,0,0,0,0,0,0,0,0,0,0,0,0,0,0,9,9,11,10,11
271,0,0,0,0,0,0,0,0,0,0,0,0,0,0,0,0,0,0,0,0,0,10,10,11,9,10
272,0,0,0,0,0,0,0,0,0,0,0,0,0,0,0,0,0,0,0,0,0,6,10,12,11,11
273,0,0,0,0,0,0,0,0,0,0,0,0,0,0,0,0,0,0,0,0,0,10,10,10,10,10
274,0,0,0,0,0,0,0,0,0,0,0,0,0,0,0,0,0,0,0,0,0,9,10,11,11,9
275,0,0,0,0,0,0,0,0,0,0,0,0,0,0,0,0,0,0,0,0,0,11,10,10,9,10
276,0,0,0,0,0,0,0,0,0,0,0,0,0,0,0,0,0,0,0,0,0,6,11,11,12,10
277,0,0,0,0,0,0,0,0,0,0,0,0,0,0,0,0,0,0,0,0,0,4,10,11,13,12
278,0,0,0,0,0,0,0,0,0,0,0,0,0,0,0,0,0,0,0,0,0,9,10,11,10,10
279,0,0,0,0,0,0,0,0,0,0,0,0,0,0,0,0,0,0,0,0,0,10,10,11,10,9
280,0,0,0,0,0,0,0,0,0,0,0,0,0,0,0,0,0,0,0,0,0,7,8,9,12,14
281,0,0,0,0,0,0,0,0,0,0,0,0,0,0,0,0,0,0,0,0,0,5,8,10,13,14
282,0,0,0,0,0,0,0,0,0,0,0,0,0,0,0,0,0,0,0,0,0,7,10,11,11,11
283,0,0,0,0,0,0,0,0,0,0,0,0,0,0,0,0,0,0,0,0,0,6,11,11,11,11
284,0,0,0,0,0,0,0,0,0,0,0,0,0,0,0,0,0,0,0,0,0,9,10,10,11,10
285,0,0,0,0,0,0,0,0,0,0,0,0,0,0,0,0,0,0,0,0,0,8,12,10,10,10
286,0,0,0,0,0,0,0,0,0,0,0,0,0,0,0,0,0,0,0,0,0,3,9,9,13,16
287,0,0,0,0,0,0,0,0,0,0,0,0,0,0,0,0,0,0,0,0,0,0,11,12,14,13
288,0,0,0,0,0,0,0,0,0,0,0,0,0,0,0,0,0,0,0,0,0,0,11,13,13,13
289,0,0,0,0,0,0,0,0,0,0,0,0,0,0,0,0,0,0,0,0,0,0,12,13,12,13
290,0,0,0,0,0,0,0,0,0,0,0,0,0,0,0,0,0,0,0,0,0,0,11,12,13,14
291,0,0,0,0,0,0,0,0,0,0,0,0,0,0,0,0,0,0,0,0,0,0,5,12,16,17
292,0,0,0,0,0,0,0,0,0,0,0,0,0,0,0,0,0,0,0,0,0,0,11,12,13,14
293,0,0,0,0,0,0,0,0,0,0,0,0,0,0,0,0,0,0,0,0,0,0,11,12,13,14
294,0,0,0,0,0,0,0,0,0,0,0,0,0,0,0,0,0,0,0,0,0,0,8,10,15,17
295,0,0,0,0,0,0,0,0,0,0,0,0,0,0,0,0,0,0,0,0,0,0,11,13,13,13
296,0,0,0,0,0,0,0,0,0,0,0,0,0,0,0,0,0,0,0,0,0,0,11,13,13,13
297,0,0,0,0,0,0,0,0,0,0,0,0,0,0,0,0,0,0,0,0,0,0,10,13,13,14
298,0,0,0,0,0,0,0,0,0,0,0,0,0,0,0,0,0,0,0,0,0,0,7,12,14,17
299,0,0,0,0,0,0,0,0,0,0,0,0,0,0,0,0,0,0,0,0,0,0,6,12,13,19
300,0,0,0,0,0,0,0,0,0,0,0,0,0,0,0,0,0,0,0,0,0,0,9,11,14,16
