,bin_1,bin_2,bin_3,bin_4,bin_5,bin_6,bin_7,bin_8,bin_9,bin_10,bin_11,bin_12,bin_13,bin_14,bin_15,bin_16,bin_17,bin_18,bin_19,bin_20,bin_21,bin_22,bin_23,bin_24,bin_25,bin_26,bin_27,bin_28,bin_29,bin_30,bin_31,bin_32,bin_33,bin_34,bin_35,bin_36,bin_37,bin_38,bin_39,bin_40,bin_41,bin_42,bin_43,bin_44,bin_45,bin_46,bin_47,bin_48,bin_49,bin_50,bin_51,bin_52,bin_53,bin_54,bin_55,bin_56,bin_57,bin_58,bin_59,bin_60,bin_61,bin_62,bin_63,bin_64,bin_65,bin_66,bin_67,bin_68,bin_69,bin_70,bin_71,bin_72,bin_73,bin_74,bin_75
0,20,21,0,21,0,0,0,18,0,0,0,0,0,0,0,20,0,0,0,0,0,0,0,0,0,0,0,0,0,0,0,0,0,0,0,0,0,0,0,0,0,0,0,0,0,0,0,0,0,0,0,0,0,0,0,0,0,0,0,0,0,0,0,0,0,0,0,0,0,0,0,0,0,0,0
1,21,19,0,20,0,0,0,20,0,0,0,0,0,0,0,20,0,0,0,0,0,0,0,0,0,0,0,0,0,0,0,0,0,0,0,0,0,0,0,0,0,0,0,0,0,0,0,0,0,0,0,0,0,0,0,0,0,0,0,0,0,0,0,0,0,0,0,0,0,0,0,0,0,0,0
2,13,10,0,13,0,0,0,12,0,0,0,0,0,0,0,18,0,0,0,34,0,0,0,0,0,0,0,0,0,0,0,0,0,0,0,0,0,0,0,0,0,0,0,0,0,0,0,0,0,0,0,0,0,0,0,0,0,0,0,0,0,0,0,0,0,0,0,0,0,0,0,0,0,0,0
3,12,12,0,12,0,0,0,13,0,0,13,0,0,0,0,12,0,13,0,13,0,0,0,0,0,0,0,0,0,0,0,0,0,0,0,0,0,0,0,0,0,0,0,0,0,0,0,0,0,0,0,0,0,0,0,0,0,0,0,0,0,0,0,0,0,0,0,0,0,0,0,0,0,0,0
4,12,12,0,13,0,0,0,12,0,0,12,0,0,0,0,13,0,13,0,13,0,0,0,0,0,0,0,0,0,0,0,0,0,0,0,0,0,0,0,0,0,0,0,0,0,0,0,0,0,0,0,0,0,0,0,0,0,0,0,0,0,0,0,0,0,0,0,0,0,0,0,0,0,0,0
5,10,9,0,9,0,0,0,10,0,0,10,11,0,11,0,10,0,10,0,10,0,0,0,0,0,0,0,0,0,0,0,0,0,0,0,0,0,0,0,0,0,0,0,0,0,0,0,0,0,0,0,0,0,0,0,0,0,0,0,0,0,0,0,0,0,0,0,0,0,0,0,0,0,0,0
6,8,8,0,9,0,0,0,10,0,0,9,9,10,9,0,9,0,9,0,10,0,0,0,0,0,0,0,0,0,0,0,0,0,0,0,0,0,0,0,0,0,0,0,0,0,0,0,0,0,0,0,0,0,0,0,0,0,0,0,0,0,0,0,0,0,0,0,0,0,0,0,0,0,0,0
7,8,8,0,8,0,0,0,8,0,0,8,9,8,9,0,8,0,8,0,9,0,0,0,9,0,0,0,0,0,0,0,0,0,0,0,0,0,0,0,0,0,0,0,0,0,0,0,0,0,0,0,0,0,0,0,0,0,0,0,0,0,0,0,0,0,0,0,0,0,0,0,0,0,0,0
8,7,7,0,8,0,0,0,8,0,0,8,8,8,8,0,8,0,7,0,8,0,0,0,7,8,0,0,0,0,0,0,0,0,0,0,0,0,0,0,0,0,0,0,0,0,0,0,0,0,0,0,0,0,0,0,0,0,0,0,0,0,0,0,0,0,0,0,0,0,0,0,0,0,0,0
9,10,7,0,7,0,0,0,7,0,0,7,7,7,7,7,6,0,7,0,7,0,0,0,7,7,0,0,0,0,0,0,0,0,0,0,0,0,0,0,0,0,0,0,0,0,0,0,0,0,0,0,0,0,0,0,0,0,0,0,0,0,0,0,0,0,0,0,0,0,0,0,0,0,0,0
10,6,7,0,7,0,0,0,7,0,0,6,8,7,7,8,7,0,8,0,7,0,0,0,7,8,0,0,0,0,0,0,0,0,0,0,0,0,0,0,0,0,0,0,0,0,0,0,0,0,0,0,0,0,0,0,0,0,0,0,0,0,0,0,0,0,0,0,0,0,0,0,0,0,0,0
11,10,7,0,7,0,0,0,7,0,0,7,7,7,6,7,7,0,7,0,7,0,0,0,7,7,0,0,0,0,0,0,0,0,0,0,0,0,0,0,0,0,0,0,0,0,0,0,0,0,0,0,0,0,0,0,0,0,0,0,0,0,0,0,0,0,0,0,0,0,0,0,0,0,0,0
12,11,6,0,6,0,0,0,6,0,0,6,5,6,6,6,6,6,6,0,6,0,0,0,6,6,0,0,0,6,0,0,0,0,0,0,0,0,0,0,0,0,0,0,0,0,0,0,0,0,0,0,0,0,0,0,0,0,0,0,0,0,0,0,0,0,0,0,0,0,0,0,0,0,0,0
13,6,6,0,6,0,0,0,6,0,0,5,6,6,12,6,6,6,7,0,6,0,0,0,6,6,0,0,0,4,0,0,0,0,0,0,0,0,0,0,0,0,0,0,0,0,0,0,0,0,0,0,0,0,0,0,0,0,0,0,0,0,0,0,0,0,0,0,0,0,0,0,0,0,0,0
14,11,6,0,6,0,0,0,6,0,0,6,6,6,6,6,6,6,6,0,5,0,0,0,6,6,0,0,0,6,0,0,0,0,0,0,0,0,0,0,0,0,0,0,0,0,0,0,0,0,0,0,0,0,0,0,0,0,0,0,0,0,0,0,0,0,0,0,0,0,0,0,0,0,0,0
15,5,6,0,6,0,0,0,6,0,0,6,6,6,6,6,6,6,6,6,5,0,0,0,6,6,0,0,0,6,0,0,0,0,0,0,0,0,0,0,0,0,0,0,0,0,0,0,0,0,0,0,0,0,0,0,0,0,0,0,0,0,0,0,0,0,0,0,0,0,0,0,0,0,0,0
16,5,5,0,5,0,0,0,5,0,0,5,5,6,6,6,5,6,6,5,6,0,0,0,6,6,0,0,0,6,0,0,0,0,0,0,0,6,0,0,0,0,0,0,0,0,0,0,0,0,0,0,0,0,0,0,0,0,0,0,0,0,0,0,0,0,0,0,0,0,0,0,0,0,0,0
17,6,5,0,5,0,0,0,5,0,0,4,5,5,5,5,5,5,5,5,5,0,0,0,5,5,0,0,0,5,0,0,0,0,5,0,0,5,0,0,0,5,0,0,0,0,0,0,0,0,0,0,0,0,0,0,0,0,0,0,0,0,0,0,0,0,0,0,0,0,0,0,0,0,0,0
18,6,5,0,5,0,0,0,5,0,0,5,5,5,5,5,4,5,5,5,5,0,0,0,5,5,0,0,0,5,0,0,0,0,5,0,0,5,0,0,0,5,0,0,0,0,0,0,0,0,0,0,0,0,0,0,0,0,0,0,0,0,0,0,0,0,0,0,0,0,0,0,0,0,0,0
19,4,4,0,4,0,0,0,4,0,0,5,5,5,5,5,5,5,5,5,5,0,0,0,5,5,0,0,0,5,0,0,0,0,4,0,0,5,0,0,5,5,0,0,0,0,0,0,0,0,0,0,0,0,0,0,0,0,0,0,0,0,0,0,0,0,0,0,0,0,0,0,0,0,0,0
20,4,4,0,4,0,0,0,4,0,0,5,5,5,5,5,5,5,4,5,5,0,0,0,5,5,0,0,0,5,0,0,0,0,5,0,0,5,0,0,5,5,0,0,0,0,0,0,0,0,0,0,0,0,0,0,0,0,0,0,0,0,0,0,0,0,0,0,0,0,0,0,0,0,0,0
21,4,4,0,4,0,0,0,4,0,0,4,4,4,4,5,4,5,5,5,4,0,0,0,5,5,0,0,0,5,0,0,0,0,5,0,0,5,0,0,5,5,0,0,0,0,0,0,0,0,0,5,0,0,0,0,0,0,0,0,0,0,0,0,0,0,0,0,0,0,0,0,0,0,0,0
22,3,3,0,7,0,0,0,4,0,0,4,4,4,4,4,4,3,4,4,4,0,0,0,4,4,0,0,0,4,0,0,0,0,4,0,0,4,0,0,4,4,0,0,0,0,0,4,0,0,0,4,4,4,0,0,0,0,0,0,0,0,0,0,0,0,0,0,0,0,0,0,0,0,0,0
23,5,4,0,4,0,0,0,4,0,0,4,4,4,3,4,4,4,4,4,4,0,0,0,4,4,0,0,0,4,0,0,0,0,4,0,0,4,0,0,4,4,0,0,0,0,0,4,0,0,0,4,4,4,0,0,0,0,0,0,0,0,0,0,0,0,0,0,0,0,0,0,0,0,0,0
24,3,3,0,3,0,0,0,3,0,0,3,3,3,4,4,3,4,4,4,4,0,0,0,4,4,0,0,0,4,0,0,0,0,4,0,0,4,0,0,4,4,0,0,0,0,4,4,4,0,0,4,4,4,0,0,0,0,0,0,0,0,0,0,0,0,0,0,0,0,0,0,0,0,0,0
25,3,3,0,3,0,0,0,3,0,0,3,4,4,4,4,3,3,4,4,4,0,0,0,4,4,0,0,0,3,0,0,0,0,4,0,0,4,0,0,4,4,0,0,0,0,4,4,4,0,0,4,4,4,0,0,0,0,0,0,0,0,0,0,0,0,0,0,0,0,0,0,0,0,0,0
26,3,3,0,3,0,0,0,3,0,0,3,3,4,3,4,3,4,4,4,4,0,0,0,4,4,0,0,0,4,0,0,0,0,4,0,0,4,0,0,4,4,0,0,0,0,4,4,4,0,0,4,4,4,0,0,0,0,0,0,0,0,0,0,0,0,0,0,0,0,0,0,0,0,0,0
27,3,3,0,3,0,0,0,3,0,0,3,3,4,4,4,3,4,4,4,4,0,0,0,4,4,0,0,0,4,0,0,0,0,4,0,0,4,0,0,4,4,0,0,0,0,4,3,4,0,0,4,4,4,0,0,0,0,0,0,0,0,0,0,0,0,0,0,0,0,0,0,0,0,0,0
28,3,3,0,3,0,0,0,3,0,0,3,3,4,3,4,3,4,4,4,4,0,0,0,4,4,0,0,0,4,0,0,0,0,4,0,0,4,0,0,4,4,0,0,0,0,4,4,4,0,0,4,4,4,0,0,0,0,0,0,0,0,0,0,0,0,0,0,0,0,0,0,0,0,0,0
29,3,3,0,3,0,0,0,3,0,0,3,3,4,4,4,3,4,4,4,4,0,0,0,3,4,0,0,0,4,0,0,0,0,4,0,0,4,0,0,4,4,0,0,0,0,4,4,4,0,0,4,4,4,0,0,0,0,0,0,0,0,0,0,0,0,0,0,0,0,0,0,0,0,0,0
30,3,3,0,3,0,0,0,3,0,0,3,3,4,4,4,3,4,4,4,4,0,0,0,4,4,0,0,0,4,0,0,0,0,3,0,0,4,0,0,4,4,0,0,0,0,4,4,4,0,0,4,4,4,0,0,0,0,0,0,0,0,0,0,0,0,0,0,0,0,0,0,0,0,0,0
31,3,3,0,3,0,0,0,3,0,0,3,4,4,4,4,3,4,4,4,4,0,0,0,4,4,0,0,0,4,0,0,0,0,4,0,0,4,0,0,4,4,0,0,0,0,4,4,3,0,0,4,4,3,0,0,0,0,0,0,0,0,0,0,0,0,0,0,0,0,0,0,0,0,0,0
32,11,3,0,3,0,0,0,3,0,0,3,3,3,3,3,3,3,3,3,3,0,0,0,3,2,0,0,0,3,0,0,0,0,3,0,0,3,0,0,3,3,0,0,0,0,3,3,3,0,0,3,3,3,3,3,3,3,0,0,0,0,0,0,0,0,0,0,0,0,0,0,0,0,0,0
33,8,3,0,3,0,0,0,3,0,0,3,3,3,3,3,3,3,2,3,3,0,0,0,3,3,0,0,0,3,0,0,0,0,3,0,0,3,0,0,3,3,0,0,0,0,3,3,3,0,0,3,3,3,3,3,3,3,3,0,0,0,0,0,0,0,0,0,0,0,0,0,0,0,0,0
34,5,3,0,3,0,0,0,3,0,0,3,3,3,3,2,3,3,3,3,3,0,0,0,3,3,0,0,0,3,0,0,0,0,3,0,0,3,0,0,3,3,0,0,0,0,3,3,3,0,0,3,3,3,3,3,3,3,3,3,0,0,0,0,0,0,0,0,0,0,0,0,0,0,0,0
35,5,3,0,3,0,0,0,3,0,0,3,3,3,3,3,3,3,3,3,3,0,0,0,3,3,0,0,0,2,0,0,0,0,3,0,0,3,0,0,3,3,0,0,0,0,3,3,3,0,0,3,3,3,3,3,3,3,3,3,0,0,0,0,0,0,0,0,0,0,0,0,0,0,0,0
36,5,3,0,3,0,0,0,3,0,0,3,3,3,3,3,3,3,3,3,3,0,0,0,3,2,0,0,0,3,0,0,0,0,3,0,0,3,0,0,3,3,0,0,0,0,3,3,3,0,0,3,3,3,3,3,3,3,3,3,0,0,0,0,0,0,0,0,0,0,0,0,0,0,0,0
37,5,3,0,3,0,0,0,2,0,0,3,3,3,3,3,3,3,3,3,3,0,0,0,3,3,0,0,0,3,0,0,0,0,3,0,0,3,0,0,3,3,0,0,0,0,3,3,3,0,0,3,3,3,3,3,3,3,3,3,0,0,0,0,0,0,0,0,0,0,0,0,0,0,0,0
38,2,5,0,3,0,0,0,3,0,0,3,3,3,3,3,3,3,3,3,3,0,0,0,3,3,0,0,0,3,0,0,0,0,3,0,0,3,0,0,3,3,0,0,0,0,3,3,3,0,0,3,3,3,3,3,3,3,3,3,0,0,0,0,0,0,0,0,0,0,0,0,0,0,0,0
39,2,2,0,2,0,0,0,2,0,0,2,2,2,3,3,2,3,3,3,3,0,0,0,3,3,0,0,0,3,0,0,0,0,3,0,0,3,0,0,3,3,0,0,0,0,3,3,3,0,0,3,3,3,3,3,3,3,3,3,3,3,3,0,0,0,0,0,0,0,0,0,0,0,0,0
40,2,2,0,2,0,0,0,2,0,0,2,2,2,2,3,2,3,3,3,3,0,0,0,3,3,0,0,0,1,0,0,0,0,3,0,0,3,0,0,3,3,0,0,0,0,3,3,3,0,0,3,3,3,3,3,3,3,3,3,3,3,3,3,0,0,0,0,0,0,0,0,0,0,0,0
41,2,2,0,2,0,0,0,2,0,0,2,2,2,2,2,2,2,3,3,3,0,0,0,3,3,0,0,0,3,0,0,0,0,3,0,0,3,0,0,3,3,0,0,0,0,3,3,3,0,0,3,3,3,3,3,3,3,3,3,3,3,3,3,0,0,0,0,0,0,0,0,0,0,0,0
42,2,2,0,2,0,0,0,0,0,0,2,2,2,2,2,2,0,2,2,2,0,0,0,2,2,0,0,0,2,0,0,0,0,2,0,0,2,0,0,2,2,0,0,0,0,2,7,3,0,0,2,2,3,3,2,2,3,2,3,3,3,3,3,2,3,2,0,3,0,3,0,3,0,0,0
43,2,2,0,0,0,0,0,0,0,0,2,2,2,2,2,2,0,2,2,2,0,0,0,2,2,0,0,0,2,0,0,0,0,2,0,0,2,0,0,2,2,8,0,0,0,3,2,3,0,0,2,3,3,3,1,2,3,3,3,3,2,3,2,3,2,2,0,2,0,3,0,3,0,0,0
44,17,2,0,0,0,0,0,0,0,0,2,2,2,2,2,2,0,2,1,2,0,0,0,2,2,0,0,0,2,0,0,0,0,2,0,0,2,0,0,2,2,2,2,2,0,2,2,2,0,0,2,2,2,2,2,2,2,2,2,2,2,2,2,2,2,2,0,2,0,2,0,2,0,0,0
45,16,2,0,0,0,0,0,0,0,0,2,2,2,2,2,2,0,2,2,1,0,0,0,2,2,0,0,0,2,0,0,0,0,2,0,0,2,0,0,2,2,2,2,2,2,2,2,1,0,0,2,2,2,2,2,2,2,2,2,2,2,2,2,2,2,2,0,2,0,2,0,2,0,0,0
46,15,2,0,0,0,0,0,0,0,0,2,2,2,2,2,2,0,2,2,2,0,0,0,1,2,0,0,0,2,0,0,0,0,2,0,0,2,0,0,2,2,2,2,2,2,2,2,2,0,0,2,2,2,2,2,2,2,2,2,2,2,2,2,2,2,2,0,2,0,2,0,2,0,0,0
47,15,2,0,0,0,0,0,0,0,0,2,2,2,2,2,2,0,2,2,2,0,0,0,2,2,0,0,0,2,0,0,0,0,2,0,0,2,0,0,2,2,2,2,2,2,2,2,2,0,0,1,2,2,2,2,2,2,2,2,2,2,2,2,2,2,2,0,2,0,2,0,2,0,0,0
48,15,2,0,0,0,0,0,0,0,0,2,2,2,2,2,2,0,2,1,2,0,0,0,2,2,0,0,0,2,0,0,0,0,2,0,0,2,0,0,2,2,2,2,2,2,2,2,2,0,0,2,2,2,2,2,2,2,2,2,2,2,2,2,2,2,2,0,2,0,2,0,2,0,0,0
49,0,0,0,0,0,0,0,0,0,0,2,2,2,1,1,2,0,2,2,1,0,0,0,1,2,0,0,0,1,0,0,0,0,1,0,0,1,0,0,5,3,2,3,3,3,3,2,3,0,0,3,1,3,3,2,2,3,3,3,3,3,3,3,3,2,3,0,3,0,3,0,3,0,0,0
50,0,0,0,0,0,0,0,0,0,0,2,2,2,2,2,18,0,2,2,2,0,0,0,2,2,0,0,0,2,0,0,0,0,2,0,0,2,0,0,2,2,2,2,2,2,2,2,2,0,0,2,2,2,2,2,2,2,2,2,2,2,2,2,2,2,2,0,2,0,2,0,2,0,0,0
51,0,0,0,0,0,0,0,0,0,0,2,2,2,2,2,17,0,2,2,2,0,0,0,2,2,0,0,0,2,0,0,0,0,2,0,0,2,0,0,2,2,2,2,2,2,2,2,2,0,0,2,2,2,2,2,2,2,2,2,2,2,2,1,2,2,2,0,2,2,2,0,2,0,0,0
52,0,0,0,0,0,0,0,0,0,0,2,2,2,2,2,13,0,2,2,1,0,0,0,2,2,0,0,0,2,0,0,0,0,2,0,0,2,0,0,2,2,2,2,2,2,2,2,2,0,0,2,2,2,2,2,2,2,2,2,2,2,2,2,2,2,2,0,2,2,2,2,2,2,0,0
53,0,0,0,0,0,0,0,0,0,0,2,2,2,2,2,10,0,2,2,2,0,0,0,2,2,0,0,0,2,0,0,0,0,2,0,0,2,0,0,2,2,2,2,2,2,2,2,2,0,0,2,2,2,2,2,2,2,2,2,2,2,2,2,2,2,2,0,2,2,2,2,2,2,2,0
54,0,0,0,0,0,0,0,0,0,0,2,2,2,2,2,11,0,2,2,2,0,0,0,2,2,0,0,0,2,0,0,0,0,2,0,0,2,0,0,2,2,2,2,2,2,2,2,2,0,0,2,2,2,2,2,2,2,2,2,2,2,2,2,2,2,1,0,2,2,2,2,2,2,2,0
55,0,0,0,0,0,0,0,0,0,0,2,2,2,2,2,11,0,2,2,2,0,0,0,2,2,0,0,0,2,0,0,0,0,2,0,0,2,0,0,2,2,2,2,2,2,2,2,2,0,0,1,2,2,2,2,2,2,2,2,2,2,2,2,2,2,2,0,2,2,2,2,2,2,2,0
56,0,0,0,0,0,0,0,0,0,0,2,2,2,2,2,10,0,2,2,2,0,0,0,2,2,0,0,0,2,0,0,0,0,2,0,0,2,0,0,2,2,2,2,2,2,2,2,2,0,0,2,2,2,2,2,2,2,2,2,2,2,2,2,2,2,2,0,2,2,2,2,2,2,2,0
57,0,0,0,0,0,0,0,0,0,0,2,2,2,2,2,11,0,2,2,2,0,0,0,2,2,0,0,0,2,0,0,0,0,2,0,0,2,0,0,2,2,2,2,2,2,2,2,2,0,0,2,1,2,2,2,2,2,2,2,2,2,2,2,2,2,2,0,2,2,2,2,2,2,2,0
58,0,0,0,0,0,0,0,0,0,0,2,2,2,2,2,11,0,2,2,2,0,0,0,2,2,0,0,0,2,0,0,0,0,2,0,0,2,0,0,2,2,2,2,2,2,2,2,2,0,0,2,2,2,2,2,2,2,2,2,2,2,2,2,2,2,2,0,2,2,2,2,2,1,2,0
59,0,0,0,0,0,0,0,0,0,0,2,2,2,2,2,11,0,1,2,2,0,0,0,2,2,0,0,0,2,0,0,0,0,2,0,0,2,0,0,2,2,2,2,2,2,2,2,2,0,0,2,2,2,2,2,2,2,2,2,2,2,2,2,2,2,2,0,2,2,2,2,2,2,2,0
60,0,0,0,0,0,0,0,0,0,0,2,2,2,2,2,11,0,2,2,2,0,0,0,2,2,0,0,0,2,0,0,0,0,2,0,0,2,0,0,2,2,2,2,2,2,2,1,2,0,0,2,2,2,2,2,2,2,2,2,2,2,2,2,2,2,2,0,2,2,2,2,2,2,2,0
61,0,0,0,0,0,0,0,0,0,0,2,2,2,2,2,11,0,2,2,2,0,0,0,2,2,0,0,0,2,0,0,0,0,2,0,0,2,0,0,2,2,2,2,2,2,2,2,2,0,0,2,2,2,2,2,2,2,2,2,1,2,2,2,2,2,2,0,2,2,2,2,2,2,2,0
62,0,0,0,0,0,0,0,0,0,0,2,2,2,2,2,11,0,2,2,2,0,0,0,2,2,0,0,0,2,0,0,0,0,2,0,0,2,0,0,2,2,2,2,2,2,2,2,2,0,0,1,2,2,2,2,2,2,2,2,2,2,2,2,2,2,2,0,2,2,2,2,2,2,2,0
63,0,0,0,0,0,0,0,0,0,0,2,2,2,2,2,13,0,2,2,2,0,0,0,2,2,0,0,0,2,0,0,0,0,0,0,0,2,0,0,2,2,2,2,2,2,2,2,2,0,0,2,1,2,2,2,2,2,2,2,2,2,2,2,2,2,2,0,2,2,2,2,2,2,2,0
64,0,0,0,0,0,0,0,0,0,0,2,2,2,2,2,14,0,1,2,2,0,0,0,2,2,0,0,0,2,0,0,0,0,0,0,0,2,0,0,2,2,2,2,2,2,2,2,2,0,0,2,2,2,2,2,2,2,2,2,1,2,2,2,2,2,2,0,2,2,2,2,2,2,2,0
65,0,0,0,0,0,0,0,0,0,0,2,2,2,1,2,13,0,2,2,2,0,0,0,2,2,0,0,0,2,0,0,0,0,0,0,0,2,0,0,2,2,2,2,2,2,2,2,2,0,0,2,2,2,2,2,2,2,2,2,2,2,2,2,2,2,2,0,2,2,2,2,2,2,2,0
66,0,0,0,0,0,0,0,0,0,0,2,2,2,2,2,11,0,2,2,2,0,0,0,2,2,0,0,0,2,0,0,0,0,0,0,0,2,0,0,2,2,2,2,2,2,2,2,2,0,0,2,2,2,2,2,2,2,2,2,2,2,2,2,2,2,1,2,2,2,2,2,2,2,2,0
67,0,0,0,0,0,0,0,0,0,0,2,2,2,2,2,12,0,2,2,2,0,0,0,2,2,0,0,0,2,0,0,0,0,0,0,0,2,0,0,2,2,2,2,2,2,2,2,2,0,0,2,1,2,2,2,2,2,2,2,2,1,2,2,2,2,2,2,2,2,2,2,2,2,2,0
68,0,0,0,0,0,0,0,0,0,0,2,2,2,2,2,12,0,2,2,2,0,0,0,1,1,0,0,0,2,0,0,0,0,0,0,0,2,0,0,2,2,2,2,2,2,2,2,2,0,0,2,2,2,2,2,2,2,2,2,2,2,2,2,2,2,2,2,2,2,2,2,2,2,2,0
69,0,0,0,0,0,0,0,0,0,0,2,2,2,2,2,13,0,1,2,2,0,0,0,2,2,0,0,0,2,0,0,0,0,0,0,0,2,0,0,2,2,2,2,1,2,2,2,2,0,0,2,2,2,2,2,2,2,2,2,2,2,1,2,2,2,2,2,2,2,2,2,2,2,2,0
70,0,0,0,0,0,0,0,0,0,0,2,2,2,2,2,12,0,2,2,2,0,0,0,2,2,0,0,0,1,0,0,0,0,0,0,0,2,0,0,2,2,2,2,2,2,2,2,2,0,0,1,2,2,2,2,2,2,2,2,2,2,2,2,2,2,2,2,2,2,2,2,2,2,2,0
71,0,0,0,0,0,0,0,0,0,0,2,2,2,2,1,11,0,2,2,2,0,0,0,2,2,0,0,0,2,0,0,0,0,0,0,0,2,0,0,2,2,2,2,2,2,2,2,2,0,0,2,2,2,2,2,2,2,2,2,2,2,2,2,2,2,2,2,2,2,2,2,2,2,2,0
72,0,0,0,0,0,0,0,0,0,0,2,1,2,2,2,12,0,2,2,2,0,0,0,2,1,0,0,0,2,0,0,0,0,0,0,0,2,0,0,2,2,2,2,2,2,2,2,2,0,0,2,2,2,2,2,2,2,2,2,2,2,2,2,2,2,2,2,2,2,2,2,2,2,2,0
73,0,0,0,0,0,0,0,0,0,0,1,2,2,2,2,2,0,1,0,2,0,0,0,0,2,0,0,0,2,0,0,0,0,0,0,0,2,0,0,2,2,2,2,2,2,2,2,3,0,0,3,3,2,1,1,3,3,3,3,3,2,2,3,1,3,3,3,3,3,3,3,2,3,2,0
74,0,0,0,0,0,0,0,0,0,0,2,2,2,1,2,15,0,2,0,2,0,0,0,0,2,0,0,0,2,0,0,0,0,0,0,0,2,0,0,2,2,2,2,2,2,2,2,2,0,0,2,2,2,2,2,2,2,2,2,2,2,2,2,2,2,2,2,2,2,2,2,2,2,2,0
75,0,0,0,0,0,0,0,0,0,0,2,2,2,2,2,2,0,1,0,1,0,0,0,0,1,0,0,0,2,0,0,0,0,0,0,0,1,0,0,1,3,3,3,1,3,2,1,2,0,0,2,3,3,1,2,3,2,3,3,3,3,2,3,3,3,3,3,3,3,1,2,3,3,3,0
76,0,0,0,0,0,0,0,0,0,0,2,2,2,2,2,16,0,2,0,0,0,0,0,0,2,0,0,0,2,0,0,0,0,0,0,0,2,0,0,2,2,2,2,2,2,2,2,2,0,0,2,2,2,2,2,2,2,2,2,2,2,2,2,2,2,2,2,2,2,2,2,2,2,2,0
77,0,0,0,0,0,0,0,0,0,0,2,2,2,2,2,17,0,2,0,0,0,0,0,0,2,0,0,0,2,0,0,0,0,0,0,0,2,0,0,2,2,2,2,2,2,2,2,2,0,0,2,2,2,2,2,2,2,2,2,2,2,2,2,2,2,2,2,2,1,2,2,2,2,2,0
78,0,0,0,0,0,0,0,0,0,0,2,2,2,2,2,15,0,2,0,0,0,0,0,0,2,0,0,0,2,0,0,0,0,0,0,0,2,0,0,2,2,2,2,2,1,2,2,2,0,0,2,2,2,2,2,2,2,2,2,2,2,2,2,2,2,2,2,2,2,2,2,2,2,2,2
79,0,0,0,0,0,0,0,0,0,0,2,2,2,2,2,16,0,2,0,0,0,0,0,0,2,0,0,0,2,0,0,0,0,0,0,0,2,0,0,2,2,2,2,2,1,2,2,2,0,0,2,2,2,2,2,2,2,2,2,2,2,2,2,2,2,2,2,2,2,2,2,1,2,2,2
80,0,0,0,0,0,0,0,0,0,0,2,2,2,2,1,16,0,2,0,0,0,0,0,0,2,0,0,0,2,0,0,0,0,0,0,0,2,0,0,2,2,2,2,2,2,2,2,2,0,0,2,2,2,2,2,2,2,2,2,2,2,2,2,2,2,2,1,2,2,2,2,2,2,2,2
81,0,0,0,0,0,0,0,0,0,0,2,2,2,2,2,15,0,2,0,0,0,0,0,0,2,0,0,0,2,0,0,0,0,0,0,0,2,0,0,2,2,2,2,2,2,2,2,2,0,0,2,2,2,2,2,2,2,2,2,2,2,2,2,2,2,2,2,2,2,2,2,2,2,2,1
82,0,0,0,0,0,0,0,0,0,0,2,2,2,2,2,15,0,2,0,0,0,0,0,0,2,0,0,0,2,0,0,0,0,0,0,0,2,0,0,2,2,2,2,2,2,2,2,2,0,0,2,2,2,2,2,2,1,2,2,2,2,2,2,2,2,2,2,2,2,2,2,2,2,2,2
83,0,0,0,0,0,0,0,0,0,0,2,2,2,2,2,15,0,1,0,0,0,0,0,0,2,0,0,0,2,0,0,0,0,0,0,0,2,0,0,2,2,2,2,2,2,2,2,2,0,0,2,2,2,2,2,2,2,2,2,2,2,2,2,2,2,2,2,2,2,2,2,2,2,2,2
84,0,0,0,0,0,0,0,0,0,0,2,2,2,2,2,15,0,2,0,0,0,0,0,0,2,0,0,0,2,0,0,0,0,0,0,0,2,0,0,2,2,2,2,2,2,2,2,2,0,0,2,2,2,1,2,2,2,2,2,2,2,2,2,2,2,2,2,2,2,2,2,2,2,2,2
85,0,0,0,0,0,0,0,0,0,0,2,2,2,2,2,15,0,2,0,0,0,0,0,0,2,0,0,0,2,0,0,0,0,0,0,0,2,0,0,2,2,2,2,2,2,2,2,2,0,0,2,2,2,2,2,2,2,2,2,2,2,2,2,2,2,1,2,2,2,2,2,2,2,2,2
86,0,0,0,0,0,0,0,0,0,0,2,2,2,2,2,14,0,2,0,0,0,0,0,0,2,0,0,0,2,0,0,0,0,0,0,0,2,0,0,2,2,2,2,2,2,2,2,2,0,0,2,2,2,2,2,2,2,2,2,2,2,2,2,2,2,2,2,2,2,2,2,2,2,2,2
87,0,0,0,0,0,0,0,0,0,0,2,2,2,2,2,15,0,2,0,0,0,0,0,0,2,0,0,0,2,0,0,0,0,0,0,0,2,0,0,1,2,2,2,2,2,2,2,2,0,0,2,2,2,2,2,2,2,2,2,2,2,2,2,2,2,2,2,2,2,2,2,2,2,2,2
88,0,0,0,0,0,0,0,0,0,0,2,2,2,2,2,14,0,2,0,0,0,0,0,0,2,0,0,0,2,0,0,0,0,0,0,0,2,0,0,2,2,2,2,2,2,2,2,2,0,0,2,2,2,2,2,2,2,2,2,2,2,2,2,2,2,2,2,2,2,2,2,2,2,2,2
89,0,0,0,0,0,0,0,0,0,0,2,2,2,2,2,14,0,2,0,0,0,0,0,0,2,0,0,0,2,0,0,0,0,0,0,0,2,0,0,2,2,2,2,2,2,2,2,2,0,0,2,2,2,2,2,2,2,2,2,2,2,2,2,2,2,2,2,2,2,2,2,2,2,2,2
90,0,0,0,0,0,0,0,0,0,0,2,2,2,2,2,14,0,2,0,0,0,0,0,0,2,0,0,0,2,0,0,0,0,0,0,0,2,0,0,2,2,2,2,2,2,2,2,2,0,0,2,2,2,2,2,2,2,2,2,2,2,2,2,2,2,2,2,2,2,2,2,2,2,2,2
91,0,0,0,0,0,0,0,0,0,0,2,2,2,2,2,15,0,2,0,0,0,0,0,0,2,0,0,0,2,0,0,0,0,0,0,0,2,0,0,2,2,2,2,2,2,2,2,2,0,0,2,2,2,2,2,2,2,2,2,2,2,2,2,2,1,2,2,2,2,2,2,2,2,2,2
92,0,0,0,0,0,0,0,0,0,0,2,2,2,2,2,15,0,2,0,0,0,0,0,0,2,0,0,0,2,0,0,0,0,0,0,0,2,0,0,2,2,2,2,2,2,2,2,2,0,0,2,2,2,2,2,2,2,2,2,2,2,2,2,2,2,2,2,1,2,2,2,2,2,2,2
93,0,0,0,0,0,0,0,0,0,0,2,2,2,2,2,15,0,2,0,0,0,0,0,0,2,0,0,0,2,0,0,0,0,0,0,0,2,0,0,2,2,2,2,2,2,2,2,2,0,0,2,2,2,2,2,2,2,2,2,2,1,2,2,2,2,2,2,2,2,2,2,2,2,2,2
94,0,0,0,0,0,0,0,0,0,0,2,2,2,2,2,15,0,2,0,0,0,0,0,0,2,0,0,0,2,0,0,0,0,0,0,0,2,0,0,2,2,2,2,2,2,2,2,2,0,0,2,2,2,2,2,2,2,2,2,2,2,2,2,2,2,2,2,2,2,2,2,2,2,2,1
95,0,0,0,0,0,0,0,0,0,0,2,2,2,2,2,15,0,2,0,0,0,0,0,0,2,0,0,0,2,0,0,0,0,0,0,0,2,0,0,2,2,2,2,2,2,2,2,2,0,0,2,2,2,2,2,2,2,2,2,2,2,2,2,2,2,2,2,2,2,2,2,2,1,2,2
96,0,0,0,0,0,0,0,0,0,0,2,2,2,2,2,15,0,2,0,0,0,0,0,0,2,0,0,0,2,0,0,0,0,0,0,0,2,0,0,2,2,2,2,2,2,2,2,2,0,0,2,2,2,2,2,2,2,2,2,2,2,1,2,2,2,2,2,2,2,2,2,2,2,2,2
97,0,0,0,0,0,0,0,0,0,0,2,2,2,2,2,15,0,2,0,0,0,0,0,0,2,0,0,0,2,0,0,0,0,0,0,0,2,0,0,2,2,2,2,2,2,2,2,2,0,0,2,2,2,2,2,1,2,2,2,2,2,2,2,2,2,2,2,2,2,2,2,2,2,2,2
98,0,0,0,0,0,0,0,0,0,0,2,2,2,2,2,15,0,2,0,0,0,0,0,0,2,0,0,0,2,0,0,0,0,0,0,0,2,0,0,2,2,2,2,2,2,2,2,2,0,0,2,2,2,1,2,2,2,2,2,2,2,2,2,2,2,2,2,2,2,2,2,2,2,2,2
99,0,0,0,0,0,0,0,0,0,0,2,2,2,2,2,15,0,2,0,0,0,0,0,0,2,0,0,0,2,0,0,0,0,0,0,0,2,0,0,2,2,2,2,2,1,2,2,2,0,0,2,2,2,2,2,2,2,2,2,2,2,2,2,2,2,2,2,2,2,2,2,2,2,2,2
100,0,0,0,0,0,0,0,0,0,0,2,2,2,2,2,15,0,2,0,0,0,0,0,0,2,0,0,0,2,0,0,0,0,0,0,0,2,0,0,2,2,2,2,2,2,2,2,2,0,0,2,2,2,2,2,2,2,2,2,2,2,2,2,2,2,2,2,1,2,2,2,2,2,2,2
