,x1,x2,x3,x4,x5,x6,x7,x8,Target
0,339.0,0.0,0.0,197.0,0.0,968.0,781.0,180.0,36.45
1,389.9,189.0,0.0,145.9,22.0,944.7,755.8,7.0,59.09
2,153.0,239.0,0.0,200.0,6.0,1002.0,684.0,28.0,26.86
3,190.3,0.0,125.2,161.9,9.9,1088.1,802.6,100.0,40.39
4,149.5,236.0,0.0,175.8,12.6,846.8,892.7,28.0,32.96
5,480.0,0.0,0.0,192.0,0.0,936.2,712.2,28.0,43.94
6,322.2,0.0,115.6,196.0,10.4,817.9,813.4,28.0,31.18
7,155.2,183.9,143.2,193.8,9.2,879.6,698.5,28.0,28.99
8,388.6,97.1,0.0,157.9,12.1,852.1,925.7,3.0,28.1
9,154.0,144.0,112.0,220.0,10.0,923.0,658.0,28.0,16.5
10,168.9,42.2,124.3,158.3,10.8,1080.8,796.2,14.0,23.51
11,313.0,145.0,0.0,178.0,8.0,1002.0,689.0,28.0,41.05
12,172.4,13.6,172.4,156.8,4.1,1006.3,856.4,100.0,37.68
13,250.0,180.0,95.0,159.0,9.5,860.0,800.0,28.0,67.87
14,276.0,116.0,90.0,180.0,9.0,870.0,768.0,28.0,44.28
15,222.4,0.0,96.7,189.3,4.5,967.1,870.3,28.0,24.89
16,222.4,0.0,96.7,189.3,4.5,967.1,870.3,3.0,11.58
17,167.0,75.4,167.0,164.0,7.9,1007.3,770.1,28.0,41.41
18,281.0,0.0,0.0,186.0,0.0,1104.0,774.0,7.0,14.5
19,222.4,0.0,96.7,189.3,4.5,967.1,870.3,100.0,40.71
20,251.8,0.0,99.9,146.1,12.4,1006.0,899.8,14.0,33.36
21,380.0,0.0,0.0,228.0,0.0,932.0,670.0,365.0,52.52
22,139.6,209.4,0.0,192.0,0.0,1047.0,806.9,180.0,44.21
23,212.5,0.0,100.4,159.3,8.7,1007.8,903.6,100.0,42.92
24,297.2,0.0,117.5,174.8,9.5,1022.8,753.5,56.0,51.96
25,297.2,0.0,117.5,174.8,9.5,1022.8,753.5,28.0,47.4
26,296.0,0.0,0.0,186.0,0.0,1090.0,769.0,7.0,18.91
27,213.5,0.0,174.2,159.2,11.7,1043.6,771.9,3.0,15.61
28,475.0,0.0,0.0,228.0,0.0,932.0,594.0,90.0,42.23
29,135.0,105.0,193.0,196.0,6.0,965.0,643.0,28.0,21.91
30,355.0,19.0,97.0,145.0,12.3,967.0,871.0,28.0,55.45
31,214.9,53.8,121.9,155.6,9.6,1014.3,780.6,28.0,52.2
32,516.0,0.0,0.0,162.0,8.2,801.0,802.0,28.0,41.37
33,318.8,212.5,0.0,155.7,14.3,852.1,880.4,91.0,68.1
34,173.0,116.0,0.0,192.0,0.0,946.8,856.8,28.0,24.28
35,387.0,20.0,94.0,157.0,13.9,938.0,845.0,7.0,45.9
36,288.0,192.0,0.0,192.0,0.0,932.0,717.8,90.0,50.53
37,276.4,116.0,90.3,179.6,8.9,870.1,768.3,28.0,44.28
38,296.0,0.0,0.0,192.0,0.0,1085.0,765.0,90.0,29.39
39,251.4,0.0,118.3,188.5,5.8,1028.4,757.7,3.0,17.22
40,388.6,97.1,0.0,157.9,12.1,852.1,925.7,91.0,57.6
41,359.0,19.0,141.0,154.0,10.9,942.0,801.0,3.0,25.12
42,525.0,0.0,0.0,189.0,0.0,1125.0,613.0,7.0,42.42
43,213.5,0.0,174.2,159.2,11.7,1043.6,771.9,56.0,51.26
44,286.3,200.9,0.0,144.7,11.2,1004.6,803.7,7.0,38.0
45,218.9,0.0,124.1,158.5,11.3,1078.7,794.9,56.0,37.27
46,167.0,75.4,167.0,164.0,7.9,1007.3,770.1,56.0,53.46
47,310.0,0.0,0.0,192.0,0.0,970.0,850.0,360.0,38.11
48,152.0,178.0,139.0,168.0,18.0,944.0,695.0,28.0,36.35
49,229.7,0.0,118.2,195.2,6.1,1028.1,757.6,14.0,22.32
50,337.9,189.0,0.0,174.9,9.5,944.7,755.8,3.0,24.1
51,190.0,190.0,0.0,228.0,0.0,932.0,670.0,270.0,50.66
52,159.8,250.0,0.0,168.4,12.2,1049.3,688.2,28.0,39.46
53,213.8,98.1,24.5,181.7,6.7,1066.0,785.5,3.0,13.18
54,425.0,106.3,0.0,153.5,16.5,852.1,887.1,56.0,64.3
55,310.0,0.0,0.0,192.0,0.0,1012.0,830.0,7.0,17.24
56,313.0,145.0,0.0,178.0,8.0,867.0,824.0,28.0,44.39
57,339.0,0.0,0.0,185.0,0.0,1069.0,754.0,7.0,21.16
58,290.4,0.0,96.2,168.1,9.4,961.2,865.0,3.0,22.5
59,168.0,42.1,163.8,121.8,5.7,1058.7,780.1,56.0,32.85
60,304.8,0.0,99.6,196.0,9.8,959.4,705.2,28.0,30.12
61,162.0,214.0,164.0,202.0,10.0,820.0,680.0,28.0,30.65
62,261.9,110.5,86.1,195.4,5.0,895.2,732.6,28.0,33.72
63,167.4,129.9,128.6,175.5,7.8,1006.3,746.6,14.0,31.81
64,102.0,153.0,0.0,192.0,0.0,887.0,942.0,28.0,17.28
65,540.0,0.0,0.0,162.0,2.5,1055.0,676.0,28.0,61.89
66,349.0,0.0,0.0,192.0,0.0,1056.0,809.0,7.0,9.01
67,237.5,237.5,0.0,228.0,0.0,932.0,594.0,180.0,36.25
68,401.8,94.7,0.0,147.4,11.4,946.8,852.1,56.0,73.7
69,427.5,47.5,0.0,228.0,0.0,932.0,594.0,180.0,41.84
70,168.0,42.1,163.8,121.8,5.7,1058.7,780.1,28.0,24.24
71,173.8,93.4,159.9,172.3,9.7,1007.2,746.6,14.0,29.55
72,528.0,0.0,0.0,185.0,6.9,920.0,720.0,28.0,56.83
73,250.0,0.0,95.7,191.8,5.3,948.9,857.2,14.0,24.66
74,284.0,15.0,141.0,179.0,5.5,842.0,801.0,56.0,44.52
75,342.0,38.0,0.0,228.0,0.0,932.0,670.0,365.0,56.14
76,198.6,132.4,0.0,192.0,0.0,978.4,825.5,180.0,41.72
77,362.6,189.0,0.0,164.9,11.6,944.7,755.8,28.0,71.3
78,475.0,118.8,0.0,181.1,8.9,852.1,781.5,28.0,68.3
79,213.8,98.1,24.5,181.7,6.7,1066.0,785.5,56.0,47.13
80,231.8,0.0,121.6,174.0,6.7,1056.4,778.5,14.0,26.77
81,298.0,0.0,107.0,186.0,6.0,879.0,815.0,28.0,42.64
82,172.4,13.6,172.4,156.8,4.1,1006.3,856.4,3.0,21.29
83,237.5,237.5,0.0,228.0,0.0,932.0,594.0,28.0,30.08
84,266.0,114.0,0.0,228.0,0.0,932.0,670.0,365.0,52.91
85,382.0,0.0,0.0,186.0,0.0,1111.0,784.0,7.0,11.47
86,480.0,0.0,0.0,192.0,0.0,936.2,712.2,90.0,54.32
87,238.0,0.0,0.0,186.0,0.0,1119.0,789.0,28.0,17.54
88,166.8,250.2,0.0,203.5,0.0,975.6,692.6,90.0,43.57
89,151.0,0.0,185.0,167.0,16.0,1074.0,678.0,28.0,13.46
90,198.6,132.4,0.0,192.0,0.0,978.4,825.5,3.0,9.13
91,218.2,54.6,123.8,140.8,11.9,1075.7,792.7,3.0,27.42
92,236.0,157.0,0.0,192.0,0.0,972.6,749.1,90.0,47.78
93,165.0,0.0,143.6,163.8,0.0,1005.6,900.9,56.0,36.56
94,304.0,76.0,0.0,228.0,0.0,932.0,670.0,365.0,55.26
95,491.0,26.0,123.0,210.0,3.9,882.0,699.0,3.0,25.61
96,145.0,116.0,119.0,184.0,5.7,833.0,880.0,28.0,29.16
97,178.0,129.8,118.6,179.9,3.6,1007.3,746.8,14.0,34.24
98,287.3,120.5,93.9,187.6,9.2,904.4,695.9,28.0,43.8
99,158.8,238.2,0.0,185.7,0.0,1040.6,734.3,28.0,21.07
100,139.6,209.4,0.0,192.0,0.0,1047.0,806.9,3.0,8.06
101,531.3,0.0,0.0,141.8,28.2,852.1,893.7,7.0,46.9
102,229.7,0.0,118.2,195.2,6.1,1028.1,757.6,28.0,24.54
103,425.0,106.3,0.0,153.5,16.5,852.1,887.1,56.0,64.3
104,213.8,98.1,24.5,181.7,6.7,1066.0,785.5,100.0,49.97
105,286.3,200.9,0.0,144.7,11.2,1004.6,803.7,56.0,72.99
106,425.0,106.3,0.0,153.5,16.5,852.1,887.1,3.0,33.4
107,192.0,288.0,0.0,192.0,0.0,929.8,716.1,28.0,39.32
108,153.1,145.0,113.0,178.5,8.0,1001.9,688.7,28.0,25.56
109,212.6,0.0,100.4,159.4,10.4,1003.8,903.8,14.0,25.37
110,228.0,342.1,0.0,185.7,0.0,955.8,674.3,7.0,21.92
111,425.0,106.3,0.0,153.5,16.5,852.1,887.1,7.0,49.2
112,307.0,0.0,0.0,193.0,0.0,968.0,812.0,3.0,12.54
113,149.0,236.0,0.0,176.0,13.0,847.0,893.0,28.0,32.96
114,362.6,189.0,0.0,164.9,11.6,944.7,755.8,7.0,55.9
115,252.3,0.0,98.8,146.3,14.2,987.8,889.0,28.0,50.6
116,318.8,212.5,0.0,155.7,14.3,852.1,880.4,7.0,33.4
117,325.6,166.4,0.0,174.0,8.9,881.6,790.0,28.0,61.24
118,491.0,26.0,123.0,210.0,3.9,882.0,699.0,7.0,33.49
119,194.7,0.0,100.5,170.2,7.5,998.0,901.8,3.0,12.18
120,252.3,0.0,98.8,146.3,14.2,987.8,889.0,3.0,21.78
121,229.7,0.0,118.2,195.2,6.1,1028.1,757.6,3.0,13.36
122,304.0,140.0,0.0,214.0,6.0,895.0,722.0,28.0,33.42
123,333.0,0.0,0.0,192.0,0.0,931.2,842.6,90.0,41.68
124,143.0,169.4,142.7,190.7,8.4,967.4,643.5,28.0,29.73
125,178.0,129.8,118.6,179.9,3.6,1007.3,746.8,100.0,49.99
126,298.1,0.0,107.0,186.4,6.1,879.0,815.2,28.0,42.64
127,385.0,0.0,0.0,186.0,0.0,966.0,763.0,7.0,23.22
128,193.5,290.2,0.0,185.7,0.0,998.2,704.3,7.0,17.2
129,300.0,0.0,0.0,184.0,0.0,1075.0,795.0,28.0,26.85
130,387.0,20.0,94.0,157.0,14.3,938.0,845.0,28.0,50.24
131,425.0,106.3,0.0,153.5,16.5,852.1,887.1,56.0,64.3
132,152.7,144.7,0.0,178.1,8.0,999.7,822.2,28.0,19.01
133,298.0,0.0,107.0,210.0,11.0,880.0,744.0,28.0,31.87
134,387.0,20.0,94.0,157.0,14.3,938.0,845.0,56.0,56.34
135,339.0,0.0,0.0,185.0,0.0,1060.0,754.0,28.0,31.65
136,148.0,0.0,182.0,181.0,15.0,839.0,884.0,28.0,15.52
137,249.1,0.0,98.8,158.1,12.8,987.8,889.0,28.0,30.85
138,178.0,129.8,118.6,179.9,3.6,1007.3,746.8,56.0,48.59
139,332.5,142.5,0.0,228.0,0.0,932.0,594.0,28.0,33.02
140,475.0,0.0,0.0,228.0,0.0,932.0,594.0,365.0,41.93
141,318.0,0.0,126.0,210.0,6.0,861.0,737.0,28.0,40.06
142,139.6,209.4,0.0,192.0,0.0,1047.0,806.9,7.0,14.59
143,220.8,147.2,0.0,185.7,0.0,1055.0,744.3,7.0,13.09
144,302.0,0.0,0.0,203.0,0.0,974.0,817.0,14.0,18.13
145,218.2,54.6,123.8,140.8,11.9,1075.7,792.7,28.0,55.51
146,290.4,0.0,96.2,168.1,9.4,961.2,865.0,28.0,34.74
147,446.0,24.0,79.0,162.0,10.3,967.0,712.0,56.0,54.77
148,166.0,259.7,0.0,183.2,12.7,858.8,826.8,28.0,37.92
149,337.9,189.0,0.0,174.9,9.5,944.7,755.8,28.0,49.9
150,350.0,0.0,0.0,203.0,0.0,974.0,775.0,90.0,31.35
151,238.0,0.0,0.0,185.0,0.0,1118.0,789.0,28.0,17.54
152,480.0,0.0,0.0,192.0,0.0,936.2,712.2,7.0,34.57
153,318.8,212.5,0.0,155.7,14.3,852.1,880.4,28.0,55.5
154,425.0,106.3,0.0,153.5,16.5,852.1,887.1,3.0,33.4
155,289.0,134.0,0.0,195.0,6.0,924.0,760.0,28.0,46.24
156,322.5,148.6,0.0,185.8,8.5,951.0,709.5,28.0,52.43
157,133.0,210.0,0.0,196.0,3.0,949.0,795.0,28.0,31.03
158,387.0,20.0,94.0,157.0,11.6,938.0,845.0,56.0,61.46
159,239.6,359.4,0.0,185.7,0.0,941.6,664.3,28.0,39.44
160,491.0,26.0,123.0,201.0,3.9,822.0,699.0,7.0,37.92
161,275.1,0.0,121.4,159.5,9.9,1053.6,777.5,28.0,51.33
162,277.0,0.0,0.0,191.0,0.0,968.0,856.0,360.0,33.7
163,333.0,0.0,0.0,192.0,0.0,931.2,842.6,28.0,31.97
164,116.0,173.0,0.0,192.0,0.0,909.8,891.9,3.0,6.28
165,141.3,212.0,0.0,203.5,0.0,971.8,748.5,3.0,4.83
166,194.7,0.0,100.5,165.6,7.5,1006.4,905.9,3.0,12.45
167,310.0,0.0,0.0,192.0,0.0,971.0,850.6,3.0,9.87
168,475.0,0.0,0.0,228.0,0.0,932.0,594.0,180.0,42.62
169,145.7,172.6,0.0,181.9,3.4,985.8,816.8,28.0,23.74
170,151.0,0.0,184.0,167.0,12.0,991.0,772.0,28.0,15.57
171,150.0,237.0,0.0,174.0,12.0,1069.0,675.0,28.0,37.43
172,310.0,143.0,111.0,168.0,22.0,914.0,651.0,28.0,33.69
173,178.0,129.8,118.6,179.9,3.6,1007.3,746.8,28.0,39.16
174,385.0,0.0,0.0,186.0,0.0,966.0,763.0,1.0,6.27
175,424.0,22.0,132.0,178.0,8.5,822.0,750.0,7.0,39.0
176,167.0,75.4,167.0,164.0,7.9,1007.3,770.1,14.0,32.9
177,249.1,0.0,98.8,158.1,12.8,987.8,889.0,100.0,51.06
178,229.7,0.0,118.2,195.2,6.1,1028.1,757.6,100.0,40.86
179,250.0,0.0,95.7,191.8,5.3,948.9,857.2,100.0,41.16
180,376.0,0.0,0.0,214.6,0.0,1003.5,762.4,100.0,43.06
181,500.0,0.0,0.0,200.0,0.0,1125.0,613.0,180.0,51.04
182,284.0,15.0,141.0,179.0,5.5,842.0,801.0,7.0,24.13
183,260.9,100.5,78.3,200.6,8.6,864.5,761.5,28.0,32.4
184,212.0,0.0,124.8,159.0,7.8,1085.4,799.5,100.0,47.82
185,382.0,0.0,0.0,186.0,0.0,1047.0,739.0,28.0,37.42
186,362.6,189.0,0.0,164.9,11.6,944.7,755.8,3.0,35.3
187,262.0,111.0,86.0,195.0,5.0,895.0,733.0,28.0,33.72
188,233.8,0.0,94.6,197.9,4.6,947.0,852.2,100.0,34.56
189,202.0,11.0,141.0,206.0,1.7,942.0,801.0,7.0,15.07
190,540.0,0.0,0.0,173.0,0.0,1125.0,613.0,28.0,67.31
191,356.0,0.0,142.0,193.0,11.0,801.0,778.0,28.0,40.87
192,475.0,0.0,59.0,142.0,1.9,1098.0,641.0,28.0,57.23
193,382.0,0.0,0.0,186.0,0.0,1047.0,739.0,7.0,24.0
194,342.0,38.0,0.0,228.0,0.0,932.0,670.0,180.0,52.12
195,102.0,153.0,0.0,192.0,0.0,887.0,942.0,7.0,7.68
196,475.0,0.0,0.0,228.0,0.0,932.0,594.0,28.0,39.29
197,158.8,238.2,0.0,185.7,0.0,1040.6,734.3,7.0,9.62
198,122.6,183.9,0.0,203.5,0.0,958.2,800.1,7.0,10.35
199,339.0,0.0,0.0,197.0,0.0,968.0,781.0,3.0,13.22
200,266.0,114.0,0.0,228.0,0.0,932.0,670.0,270.0,51.73
201,213.5,0.0,174.2,154.6,11.7,1052.3,775.5,56.0,51.43
202,349.0,0.0,0.0,192.0,0.0,1056.0,809.0,90.0,40.66
203,251.8,0.0,99.9,146.1,12.4,1006.0,899.8,28.0,33.94
204,168.9,42.2,124.3,158.3,10.8,1080.8,796.2,56.0,39.15
205,166.1,0.0,163.3,176.5,4.5,1058.6,780.1,14.0,25.48
206,275.0,0.0,0.0,183.0,0.0,1088.0,808.0,28.0,24.5
207,393.0,0.0,0.0,192.0,0.0,940.6,785.6,90.0,48.85
208,213.7,98.1,24.5,181.7,6.9,1065.8,785.4,100.0,53.9
209,427.5,47.5,0.0,228.0,0.0,932.0,594.0,90.0,41.54
210,252.0,0.0,0.0,186.0,0.0,1111.0,784.0,7.0,11.47
211,252.3,0.0,98.8,146.3,14.2,987.8,889.0,14.0,42.29
212,194.7,0.0,100.5,170.2,7.5,998.0,901.8,100.0,44.28
213,165.0,0.0,150.0,182.0,12.0,1023.0,729.0,28.0,18.03
214,389.9,189.0,0.0,145.9,22.0,944.7,755.8,28.0,74.5
215,522.0,0.0,0.0,146.0,0.0,896.0,896.0,28.0,74.99
216,236.0,0.0,0.0,194.0,0.0,968.0,885.0,28.0,18.42
217,167.4,129.9,128.6,175.5,7.8,1006.3,746.6,28.0,41.2
218,297.2,0.0,117.5,174.8,9.5,1022.8,753.5,3.0,21.91
219,251.4,0.0,118.3,192.9,5.8,1043.6,754.3,14.0,20.73
220,375.0,93.8,0.0,126.6,23.4,852.1,992.6,56.0,60.2
221,157.0,236.0,0.0,192.0,0.0,935.4,781.2,28.0,33.66
222,237.5,237.5,0.0,228.0,0.0,932.0,594.0,270.0,38.41
223,190.7,0.0,125.4,162.1,7.8,1090.0,804.0,14.0,21.06
224,313.3,145.0,0.0,178.5,8.0,867.2,824.0,28.0,40.93
225,238.1,0.0,0.0,185.7,0.0,1118.8,789.3,28.0,17.58
226,321.4,0.0,127.9,182.5,11.5,870.1,779.7,28.0,37.27
227,190.3,0.0,125.2,166.6,9.9,1079.0,798.9,28.0,24.85
228,144.8,0.0,133.6,180.8,11.1,979.5,811.5,28.0,13.2
229,296.0,0.0,0.0,192.0,0.0,1085.0,765.0,7.0,14.2
230,425.0,106.3,0.0,153.5,16.5,852.1,887.1,91.0,65.2
231,305.0,0.0,100.0,196.0,10.0,959.0,705.0,28.0,30.12
232,212.0,141.3,0.0,203.5,0.0,973.4,750.0,28.0,33.0
233,469.0,117.2,0.0,137.8,32.2,852.1,840.5,7.0,54.9
234,388.6,97.1,0.0,157.9,12.1,852.1,925.7,56.0,55.2
235,102.0,153.0,0.0,192.0,0.0,887.0,942.0,90.0,25.46
236,500.0,0.0,0.0,140.0,4.0,966.0,853.0,28.0,67.57
237,230.0,0.0,118.3,195.5,4.6,1029.4,758.6,14.0,20.08
238,531.3,0.0,0.0,141.8,28.2,852.1,893.7,91.0,59.2
239,290.4,0.0,96.2,168.1,9.4,961.2,865.0,100.0,48.97
240,439.0,177.0,0.0,186.0,11.1,884.9,707.9,91.0,73.3
241,252.0,0.0,0.0,185.0,0.0,1111.0,784.0,28.0,19.69
242,397.0,0.0,0.0,185.0,0.0,1040.0,734.0,28.0,39.09
243,159.0,187.0,0.0,176.0,11.0,990.0,789.0,28.0,32.76
244,153.0,102.0,0.0,192.0,0.0,888.0,943.1,3.0,4.78
245,313.3,145.0,0.0,178.5,8.0,1001.9,688.7,28.0,41.05
246,313.3,262.2,0.0,175.5,8.6,1046.9,611.8,56.0,64.9
247,212.0,141.3,0.0,203.5,0.0,973.4,750.0,3.0,6.81
248,213.7,98.1,24.5,181.7,6.9,1065.8,785.4,56.0,50.77
249,307.0,0.0,0.0,193.0,0.0,968.0,812.0,180.0,34.49
250,275.1,0.0,121.4,159.5,9.9,1053.6,777.5,3.0,23.8
251,330.5,169.6,0.0,194.9,8.1,811.0,802.3,28.0,56.62
252,277.0,0.0,0.0,191.0,0.0,968.0,856.0,3.0,11.36
253,475.0,118.8,0.0,181.1,8.9,852.1,781.5,56.0,72.3
254,380.0,95.0,0.0,228.0,0.0,932.0,594.0,7.0,32.82
255,446.0,24.0,79.0,162.0,11.6,967.0,712.0,3.0,23.35
256,337.9,189.0,0.0,174.9,9.5,944.7,755.8,91.0,67.8
257,336.0,0.0,0.0,182.0,3.0,986.0,817.0,28.0,44.86
258,286.3,200.9,0.0,144.7,11.2,1004.6,803.7,91.0,76.8
259,446.0,24.0,79.0,162.0,11.6,967.0,712.0,28.0,44.42
260,305.3,203.5,0.0,203.5,0.0,965.4,631.0,7.0,25.89
261,160.0,250.0,0.0,168.0,12.0,1049.0,688.0,28.0,39.45
262,155.0,0.0,143.0,193.0,9.0,1047.0,697.0,28.0,12.46
263,172.4,13.6,172.4,156.8,4.1,1006.3,856.4,14.0,29.75
264,393.0,0.0,0.0,192.0,0.0,940.6,785.6,3.0,19.2
265,362.6,189.0,0.0,164.9,11.6,944.7,755.8,7.0,55.9
266,183.9,122.6,0.0,203.5,0.0,959.2,800.0,3.0,4.9
267,425.0,106.3,0.0,151.4,18.6,936.0,803.7,56.0,64.9
268,321.0,0.0,128.0,182.0,11.0,870.0,780.0,28.0,37.26
269,362.6,189.0,0.0,164.9,11.6,944.7,755.8,56.0,77.3
270,300.0,0.0,0.0,184.0,0.0,1075.0,795.0,7.0,15.58
271,228.0,342.1,0.0,185.7,0.0,955.8,674.3,28.0,39.7
272,236.0,0.0,0.0,194.0,0.0,968.0,885.0,90.0,21.95
273,251.4,0.0,118.3,192.9,5.8,1043.6,754.3,100.0,40.15
274,379.5,151.2,0.0,153.9,15.9,1134.3,605.0,7.0,47.1
275,165.0,0.0,143.6,163.8,0.0,1005.6,900.9,14.0,16.88
276,250.0,0.0,95.7,187.4,5.5,956.9,861.2,56.0,38.33
277,192.0,288.0,0.0,192.0,0.0,929.8,716.1,90.0,50.73
278,304.0,76.0,0.0,228.0,0.0,932.0,670.0,270.0,54.38
279,212.5,0.0,100.4,159.3,8.7,1007.8,903.6,3.0,13.54
280,500.0,0.0,0.0,200.0,0.0,1125.0,613.0,14.0,36.94
281,339.0,0.0,0.0,197.0,0.0,968.0,781.0,7.0,20.97
282,154.8,183.4,0.0,193.3,9.1,877.2,867.7,28.0,23.79
283,387.0,20.0,94.0,157.0,13.9,938.0,845.0,28.0,46.68
284,250.0,0.0,95.7,191.8,5.3,948.9,857.2,3.0,8.49
285,212.6,0.0,100.4,159.4,10.4,1003.8,903.8,100.0,47.74
286,425.0,106.3,0.0,151.4,18.6,936.0,803.7,28.0,61.8
287,375.0,0.0,0.0,186.0,0.0,1038.0,758.0,7.0,26.06
288,313.8,0.0,112.6,169.9,10.1,925.3,782.9,28.0,38.46
289,380.0,95.0,0.0,228.0,0.0,932.0,594.0,365.0,43.7
290,261.0,100.0,78.0,201.0,9.0,864.0,761.0,28.0,32.4
291,250.0,0.0,95.7,191.8,5.3,948.9,857.2,28.0,27.22
292,251.8,0.0,99.9,146.1,12.4,1006.0,899.8,100.0,45.37
293,168.9,42.2,124.3,158.3,10.8,1080.8,796.2,100.0,48.15
294,181.9,272.8,0.0,185.7,0.0,1012.4,714.3,28.0,27.94
295,277.2,97.8,24.5,160.7,11.2,1061.7,782.5,3.0,30.45
296,238.1,0.0,94.1,186.7,7.0,949.9,847.0,56.0,39.59
297,332.5,142.5,0.0,228.0,0.0,932.0,594.0,90.0,37.72
298,332.5,142.5,0.0,228.0,0.0,932.0,594.0,7.0,30.28
299,259.9,100.6,78.4,170.6,10.4,935.7,762.9,28.0,49.77
300,218.2,54.6,123.8,140.8,11.9,1075.7,792.7,56.0,61.99
301,425.0,106.3,0.0,153.5,16.5,852.1,887.1,28.0,60.29
302,380.0,0.0,0.0,228.0,0.0,932.0,670.0,90.0,52.91
303,155.0,183.0,0.0,193.0,9.0,1047.0,697.0,28.0,18.28
304,359.0,19.0,141.0,154.0,10.9,942.0,801.0,7.0,38.61
305,425.0,106.3,0.0,153.5,16.5,852.1,887.1,3.0,33.4
306,173.8,93.4,159.9,172.3,9.7,1007.2,746.6,3.0,15.82
307,200.0,0.0,0.0,180.0,0.0,1125.0,845.0,28.0,12.25
308,155.0,0.0,143.0,193.0,9.0,877.0,868.0,28.0,9.74
309,168.9,42.2,124.3,158.3,10.8,1080.8,796.2,28.0,31.12
310,374.0,189.2,0.0,170.1,10.1,926.1,756.7,28.0,61.09
311,173.5,50.1,173.5,164.8,6.5,1006.2,793.5,56.0,53.77
312,150.0,236.8,0.0,173.8,11.9,1069.3,674.8,28.0,37.43
313,212.0,0.0,124.8,159.0,7.8,1085.4,799.5,3.0,19.52
314,362.6,189.0,0.0,164.9,11.6,944.7,755.8,56.0,77.3
315,151.8,178.1,138.7,167.5,18.3,944.0,694.6,28.0,36.35
316,400.0,0.0,0.0,187.0,0.0,1025.0,745.0,7.0,30.14
317,469.0,117.2,0.0,137.8,32.2,852.1,840.5,3.0,40.2
318,166.8,250.2,0.0,203.5,0.0,975.6,692.6,7.0,15.75
319,108.3,162.4,0.0,203.5,0.0,938.2,849.0,7.0,7.72
320,165.0,128.5,132.1,175.1,8.1,1005.8,746.6,3.0,19.42
321,165.0,128.5,132.1,175.1,8.1,1005.8,746.6,14.0,33.09
322,148.1,0.0,182.1,181.4,15.0,838.9,884.3,28.0,15.53
323,313.0,145.0,0.0,127.0,8.0,1000.0,822.0,28.0,44.52
324,540.0,0.0,0.0,173.0,0.0,1125.0,613.0,3.0,41.64
325,255.0,0.0,0.0,192.0,0.0,889.8,945.0,7.0,10.22
326,500.1,0.0,0.0,200.0,3.0,1124.4,613.2,28.0,44.13
327,203.5,305.3,0.0,203.5,0.0,963.4,630.0,7.0,19.54
328,181.4,0.0,167.0,169.6,7.6,1055.6,777.8,100.0,45.37
329,154.8,0.0,142.8,193.3,9.1,877.2,867.7,28.0,9.74
330,389.9,189.0,0.0,145.9,22.0,944.7,755.8,3.0,40.6
331,374.0,189.2,0.0,170.1,10.1,926.1,756.7,3.0,34.4
332,427.5,47.5,0.0,228.0,0.0,932.0,594.0,365.0,43.7
333,214.9,53.8,121.9,155.6,9.6,1014.3,780.6,14.0,38.6
334,307.0,0.0,0.0,193.0,0.0,968.0,812.0,28.0,27.53
335,183.9,122.6,0.0,203.5,0.0,959.2,800.0,28.0,24.05
336,469.0,117.2,0.0,137.8,32.2,852.1,840.5,56.0,69.3
337,540.0,0.0,0.0,173.0,0.0,1125.0,613.0,14.0,59.76
338,336.5,0.0,0.0,181.9,3.4,985.8,816.8,28.0,44.87
339,212.6,0.0,100.4,159.4,10.4,1003.8,903.8,56.0,44.4
340,108.3,162.4,0.0,203.5,0.0,938.2,849.0,3.0,2.33
341,158.4,0.0,194.9,219.7,11.0,897.7,712.9,28.0,8.54
342,299.8,0.0,119.8,211.5,9.9,878.2,727.6,28.0,23.84
343,155.0,184.0,143.0,194.0,9.0,880.0,699.0,28.0,28.99
344,213.7,0.0,174.7,154.8,10.2,1053.5,776.4,28.0,40.15
345,266.0,114.0,0.0,228.0,0.0,932.0,670.0,90.0,47.03
346,313.3,262.2,0.0,175.5,8.6,1046.9,611.8,7.0,42.8
347,491.0,26.0,123.0,201.0,3.9,822.0,699.0,56.0,61.86
348,295.7,0.0,95.6,171.5,8.9,955.1,859.2,14.0,35.23
349,359.0,19.0,141.0,154.0,10.9,942.0,801.0,56.0,68.75
350,250.0,0.0,95.7,191.8,5.3,948.9,857.2,56.0,39.64
351,362.6,189.0,0.0,164.9,11.6,944.7,755.8,3.0,35.3
352,139.6,209.4,0.0,192.0,0.0,1047.0,806.9,90.0,39.36
353,157.0,214.0,152.0,200.0,9.0,819.0,704.0,28.0,33.05
354,237.5,237.5,0.0,228.0,0.0,932.0,594.0,7.0,26.26
355,397.0,17.2,158.0,167.0,20.8,967.0,633.0,28.0,55.65
356,331.0,170.0,0.0,195.0,8.0,811.0,802.0,28.0,56.61
357,212.6,0.0,100.4,159.4,10.4,1003.8,903.8,28.0,37.4
358,218.9,0.0,124.1,158.5,11.3,1078.7,794.9,3.0,15.34
359,250.0,0.0,95.7,187.4,5.5,956.9,861.2,3.0,13.82
360,296.0,0.0,0.0,192.0,0.0,1085.0,765.0,28.0,21.65
361,165.0,128.5,132.1,175.1,8.1,1005.8,746.6,28.0,46.39
362,213.5,0.0,174.2,159.2,11.7,1043.6,771.9,100.0,52.96
363,359.0,19.0,141.0,154.0,10.9,942.0,801.0,56.0,66.78
364,212.5,0.0,100.4,159.3,8.7,1007.8,903.6,56.0,42.55
365,349.0,0.0,0.0,192.0,0.0,1047.0,806.0,180.0,41.05
366,425.0,106.3,0.0,153.5,16.5,852.1,887.1,91.0,65.2
367,108.3,162.4,0.0,203.5,0.0,938.2,849.0,28.0,20.59
368,300.0,0.0,120.0,212.0,10.0,878.0,728.0,28.0,23.84
369,200.0,200.0,0.0,190.0,0.0,1145.0,660.0,28.0,49.25
370,331.0,0.0,0.0,192.0,0.0,1025.0,821.0,28.0,31.74
371,275.1,0.0,121.4,159.5,9.9,1053.6,777.5,56.0,56.85
372,143.8,136.3,106.2,178.1,7.5,941.5,774.3,28.0,26.15
373,388.6,97.1,0.0,157.9,12.1,852.1,925.7,28.0,50.7
374,425.0,106.3,0.0,153.5,16.5,852.1,887.1,91.0,65.2
375,218.2,54.6,123.8,140.8,11.9,1075.7,792.7,100.0,63.53
376,289.0,0.0,0.0,192.0,0.0,913.2,895.3,3.0,11.65
377,350.0,0.0,0.0,203.0,0.0,974.0,775.0,28.0,27.34
378,162.0,207.0,172.0,216.0,10.0,822.0,638.0,28.0,39.84
379,139.6,209.4,0.0,192.0,0.0,1047.0,806.9,28.0,28.24
380,382.0,0.0,0.0,185.0,0.0,1047.0,739.0,7.0,24.0
381,355.0,19.0,97.0,145.0,13.1,967.0,871.0,28.0,44.03
382,255.3,98.8,77.0,188.6,6.5,919.0,749.3,28.0,33.8
383,190.0,190.0,0.0,228.0,0.0,932.0,670.0,365.0,53.69
384,475.0,0.0,0.0,162.0,9.5,1044.0,662.0,28.0,58.52
385,285.0,190.0,0.0,163.0,7.6,1031.0,685.0,28.0,53.58
386,152.6,238.7,0.0,200.0,6.3,1001.8,683.9,28.0,26.86
387,379.5,151.2,0.0,153.9,15.9,1134.3,605.0,3.0,28.6
388,290.4,0.0,96.2,168.1,9.4,961.2,865.0,14.0,34.67
389,139.9,132.6,103.3,200.3,7.4,916.0,753.4,28.0,36.44
390,480.0,0.0,0.0,192.0,0.0,936.0,721.0,28.0,43.89
391,252.0,0.0,0.0,185.0,0.0,1111.0,784.0,7.0,13.71
392,251.4,0.0,118.3,192.9,5.8,1043.6,754.3,56.0,39.27
393,375.0,93.8,0.0,126.6,23.4,852.1,992.6,28.0,56.7
394,288.0,192.0,0.0,192.0,0.0,932.0,717.8,28.0,38.8
395,439.0,177.0,0.0,186.0,11.1,884.9,707.9,56.0,71.7
396,295.7,0.0,95.6,171.5,8.9,955.1,859.2,28.0,39.94
397,385.0,0.0,0.0,186.0,0.0,966.0,763.0,14.0,27.92
398,401.8,94.7,0.0,147.4,11.4,946.8,852.1,3.0,41.1
399,520.0,0.0,0.0,170.0,5.2,855.0,855.0,28.0,60.28
400,397.0,0.0,0.0,186.0,0.0,1040.0,734.0,28.0,36.94
401,264.5,111.0,86.5,195.5,5.9,832.6,790.4,28.0,41.54
402,376.0,0.0,0.0,214.6,0.0,1003.5,762.4,3.0,16.28
403,331.0,0.0,0.0,192.0,0.0,978.0,825.0,28.0,31.45
404,298.0,0.0,107.0,164.0,13.0,953.0,784.0,28.0,35.86
405,310.0,0.0,0.0,192.0,0.0,1012.0,830.0,120.0,38.7
406,165.0,0.0,143.6,163.8,0.0,1005.6,900.9,28.0,26.2
407,315.0,137.0,0.0,145.0,5.9,1130.0,745.0,28.0,81.75
408,173.5,50.1,173.5,164.8,6.5,1006.2,793.5,28.0,38.2
409,339.0,0.0,0.0,197.0,0.0,968.0,781.0,28.0,32.04
410,450.1,50.0,0.0,200.0,3.0,1124.4,613.2,28.0,39.38
411,288.4,121.0,0.0,177.4,7.0,907.9,829.5,28.0,42.14
412,166.8,250.2,0.0,203.5,0.0,975.6,692.6,3.0,6.9
413,165.0,0.0,143.6,163.8,0.0,1005.6,900.9,3.0,14.4
414,133.0,200.0,0.0,192.0,0.0,927.4,839.2,90.0,36.59
415,172.4,13.6,172.4,156.8,4.1,1006.3,856.4,28.0,33.69
416,355.9,0.0,141.6,193.3,11.0,801.4,778.4,28.0,40.87
417,144.0,15.0,195.0,176.0,6.0,1021.0,709.0,28.0,15.34
418,236.0,0.0,0.0,194.0,0.0,968.0,885.0,3.0,6.47
419,190.3,0.0,125.2,166.6,9.9,1079.0,798.9,3.0,12.55
420,375.0,0.0,0.0,186.0,0.0,1038.0,758.0,28.0,38.21
421,122.6,183.9,0.0,203.5,0.0,958.2,800.1,3.0,3.32
422,183.9,122.6,0.0,203.5,0.0,959.2,800.0,7.0,10.79
423,212.0,0.0,124.8,159.0,7.8,1085.4,799.5,14.0,31.35
424,190.3,0.0,125.2,161.9,9.9,1088.1,802.6,56.0,38.56
425,159.1,186.7,0.0,175.6,11.3,989.6,788.9,28.0,32.77
426,153.6,144.2,112.3,220.1,10.1,923.2,657.9,28.0,16.5
427,297.2,0.0,117.5,174.8,9.5,1022.8,753.5,100.0,56.74
428,342.0,38.0,0.0,228.0,0.0,932.0,670.0,270.0,55.06
429,252.5,0.0,0.0,185.7,0.0,1111.6,784.3,28.0,19.77
430,295.8,0.0,0.0,185.7,0.0,1091.4,769.3,28.0,25.22
431,427.5,47.5,0.0,228.0,0.0,932.0,594.0,270.0,43.01
432,134.7,0.0,165.7,180.2,10.0,961.0,804.9,28.0,13.29
433,164.0,163.0,128.0,197.0,8.0,961.0,641.0,28.0,27.23
434,213.7,98.1,24.5,181.7,6.9,1065.8,785.4,14.0,30.39
435,446.0,24.0,79.0,162.0,11.6,967.0,712.0,7.0,39.3
436,212.1,0.0,121.6,180.3,5.7,1057.6,779.3,3.0,12.47
437,304.0,76.0,0.0,228.0,0.0,932.0,670.0,90.0,49.19
438,155.0,183.0,0.0,193.0,9.0,877.0,868.0,28.0,23.79
439,194.7,0.0,100.5,165.6,7.5,1006.4,905.9,56.0,33.96
440,427.5,47.5,0.0,228.0,0.0,932.0,594.0,7.0,35.08
441,446.0,24.0,79.0,162.0,11.6,967.0,712.0,56.0,61.07
442,173.0,116.0,0.0,192.0,0.0,946.8,856.8,90.0,32.1
443,254.0,0.0,0.0,198.0,0.0,968.0,863.0,180.0,27.63
444,194.7,0.0,100.5,170.2,7.5,998.0,901.8,56.0,43.39
445,181.4,0.0,167.0,169.6,7.6,1055.6,777.8,14.0,21.6
446,153.1,145.0,113.0,178.5,8.0,867.2,824.0,28.0,26.23
447,231.8,0.0,121.6,174.0,6.7,1056.4,778.5,3.0,15.44
448,322.0,0.0,116.0,196.0,10.0,818.0,813.0,28.0,31.18
449,520.0,0.0,0.0,175.0,5.2,870.0,805.0,28.0,51.02
450,194.7,0.0,100.5,165.6,7.5,1006.4,905.9,100.0,37.34
451,133.1,210.2,0.0,195.7,3.1,949.4,795.3,28.0,28.94
452,362.6,189.0,0.0,164.9,11.6,944.7,755.8,28.0,71.3
453,307.0,0.0,0.0,193.0,0.0,968.0,812.0,365.0,36.15
454,213.7,0.0,174.7,154.8,10.2,1053.5,776.4,56.0,46.64
455,334.0,17.6,158.0,189.0,15.3,967.0,633.0,28.0,44.33
456,192.0,288.0,0.0,192.0,0.0,929.8,716.1,7.0,21.48
457,387.0,20.0,94.0,157.0,13.9,938.0,845.0,56.0,47.97
458,168.0,42.1,163.8,121.8,5.7,1058.7,780.1,14.0,17.82
459,284.0,15.0,141.0,179.0,5.5,842.0,801.0,3.0,13.4
460,229.7,0.0,118.2,195.2,6.1,1028.1,757.6,56.0,31.35
461,439.0,177.0,0.0,186.0,11.1,884.9,707.9,28.0,66.0
462,277.0,116.8,91.0,190.6,7.0,946.5,665.6,28.0,43.58
463,144.0,136.0,106.0,178.0,7.0,941.0,774.0,28.0,26.14
464,362.6,189.0,0.0,164.9,11.6,944.7,755.8,7.0,55.9
465,380.0,95.0,0.0,228.0,0.0,932.0,594.0,90.0,40.56
466,326.0,166.0,0.0,174.0,9.0,882.0,790.0,28.0,61.23
467,231.8,0.0,121.6,174.0,6.7,1056.4,778.5,56.0,42.7
468,359.0,19.0,141.0,154.0,10.9,942.0,801.0,28.0,62.94
469,525.0,0.0,0.0,189.0,0.0,1125.0,613.0,3.0,33.8
470,316.1,210.7,0.0,185.7,0.0,977.0,689.3,7.0,24.44
471,250.2,166.8,0.0,203.5,0.0,977.6,694.1,28.0,36.96
472,173.5,50.1,173.5,164.8,6.5,1006.2,793.5,100.0,56.06
473,255.5,170.3,0.0,185.7,0.0,1026.6,724.3,28.0,32.05
474,149.0,153.0,194.0,192.0,8.0,935.0,623.0,28.0,24.58
475,288.0,192.0,0.0,192.0,0.0,932.0,717.8,3.0,16.11
476,540.0,0.0,0.0,173.0,0.0,1125.0,613.0,7.0,52.61
477,326.0,0.0,138.0,199.0,11.0,801.0,792.0,28.0,40.68
478,181.4,0.0,167.0,169.6,7.6,1055.6,777.8,3.0,13.62
479,158.6,148.9,116.0,175.1,15.0,953.3,719.7,28.0,27.68
480,425.0,106.3,0.0,151.4,18.6,936.0,803.7,7.0,46.8
481,230.0,0.0,118.3,195.5,4.6,1029.4,758.6,3.0,10.03
482,141.3,212.0,0.0,203.5,0.0,971.8,748.5,7.0,10.39
483,237.0,92.0,71.0,247.0,6.0,853.0,695.0,28.0,28.63
484,273.0,105.0,82.0,210.0,9.0,904.0,680.0,28.0,37.17
485,424.0,22.0,132.0,168.0,8.9,822.0,750.0,56.0,74.36
486,213.7,0.0,174.7,154.8,10.2,1053.5,776.4,100.0,50.08
487,230.0,0.0,118.3,195.5,4.6,1029.4,758.6,100.0,35.34
488,190.7,0.0,125.4,162.1,7.8,1090.0,804.0,3.0,15.04
489,333.0,0.0,0.0,192.0,0.0,931.2,842.6,7.0,23.4
490,186.2,124.1,0.0,185.7,0.0,1083.4,764.3,28.0,17.6
491,136.4,161.6,125.8,171.6,10.4,922.6,764.4,28.0,29.07
492,213.8,98.1,24.5,181.7,6.7,1066.0,785.5,14.0,17.84
493,331.0,0.0,0.0,192.0,0.0,978.0,825.0,360.0,41.24
494,379.5,151.2,0.0,153.9,15.9,1134.3,605.0,56.0,54.9
495,218.9,0.0,124.1,158.5,11.3,1078.7,794.9,100.0,46.23
496,246.8,0.0,125.1,143.3,12.0,1086.8,800.9,100.0,66.42
497,159.0,149.0,116.0,175.0,15.0,953.0,720.0,28.0,27.68
498,310.0,0.0,0.0,192.0,0.0,1012.0,830.0,28.0,27.83
499,332.5,142.5,0.0,228.0,0.0,932.0,594.0,365.0,41.05
500,480.0,0.0,0.0,192.0,0.0,936.0,721.0,90.0,54.28
501,194.7,0.0,100.5,170.2,7.5,998.0,901.8,28.0,37.27
502,374.0,189.2,0.0,170.1,10.1,926.1,756.7,7.0,46.2
503,144.0,170.0,133.0,192.0,8.0,814.0,805.0,28.0,29.87
504,349.0,0.0,0.0,192.0,0.0,1047.0,806.0,90.0,39.49
505,166.1,0.0,163.3,176.5,4.5,1058.6,780.1,3.0,10.76
506,178.0,129.8,118.6,179.9,3.6,1007.3,746.8,3.0,20.73
507,246.8,0.0,125.1,143.3,12.0,1086.8,800.9,3.0,23.52
508,326.5,0.0,137.9,199.0,10.8,801.1,792.5,28.0,38.63
509,540.0,0.0,0.0,173.0,0.0,1125.0,613.0,270.0,74.17
510,149.0,117.6,91.7,182.9,7.1,953.4,780.3,28.0,23.52
511,153.0,145.0,113.0,178.0,8.0,1002.0,689.0,28.0,25.56
512,132.0,207.0,161.0,179.0,5.0,867.0,736.0,28.0,33.3
513,160.0,128.0,122.0,182.0,6.4,824.0,879.0,28.0,39.4
514,146.0,230.0,0.0,202.0,3.0,827.0,872.0,28.0,33.06
515,246.8,0.0,125.1,143.3,12.0,1086.8,800.9,14.0,42.22
516,153.0,102.0,0.0,192.0,0.0,888.0,943.1,90.0,26.32
517,157.0,236.0,0.0,192.0,0.0,935.4,781.2,3.0,9.69
518,333.0,0.0,0.0,192.0,0.0,931.2,842.6,3.0,15.62
519,213.5,0.0,174.2,154.6,11.7,1052.3,775.5,3.0,17.37
520,342.0,38.0,0.0,228.0,0.0,932.0,670.0,90.0,50.46
521,218.9,0.0,124.1,158.5,11.3,1078.7,794.9,28.0,30.22
522,213.5,0.0,174.2,159.2,11.7,1043.6,771.9,28.0,44.64
523,277.2,97.8,24.5,160.7,11.2,1061.7,782.5,56.0,66.82
524,424.0,22.0,132.0,168.0,8.9,822.0,750.0,7.0,40.29
525,237.5,237.5,0.0,228.0,0.0,932.0,594.0,365.0,39.0
526,170.3,155.5,0.0,185.7,0.0,1026.6,724.3,28.0,25.73
527,152.0,0.0,112.0,184.0,8.0,992.0,816.0,28.0,12.18
528,203.5,305.3,0.0,203.5,0.0,963.4,630.0,3.0,9.56
529,505.0,0.0,60.0,195.0,0.0,1030.0,630.0,28.0,64.02
530,275.0,0.0,0.0,183.0,0.0,1088.0,808.0,7.0,14.2
531,146.0,173.0,0.0,182.0,3.0,986.0,817.0,28.0,23.74
532,379.5,151.2,0.0,153.9,15.9,1134.3,605.0,28.0,52.2
533,210.7,316.1,0.0,185.7,0.0,977.0,689.3,7.0,21.82
534,290.4,0.0,96.2,168.1,9.4,961.2,865.0,56.0,45.08
535,182.0,45.2,122.0,170.2,8.2,1059.4,780.7,28.0,31.27
536,203.5,305.3,0.0,203.5,0.0,963.4,630.0,28.0,41.68
537,141.9,166.6,129.7,173.5,10.9,882.6,785.3,28.0,44.61
538,531.3,0.0,0.0,141.8,28.2,852.1,893.7,56.0,58.8
539,295.0,0.0,0.0,185.0,0.0,1069.0,769.0,7.0,14.8
540,424.0,22.0,132.0,168.0,8.9,822.0,750.0,3.0,32.11
541,190.3,0.0,125.2,161.9,9.9,1088.1,802.6,14.0,22.72
542,231.8,0.0,121.6,174.0,6.7,1056.4,778.5,100.0,45.84
543,202.0,11.0,141.0,206.0,1.7,942.0,801.0,28.0,21.97
544,141.3,212.0,0.0,203.5,0.0,971.8,748.5,28.0,29.89
545,425.0,106.3,0.0,153.5,16.5,852.1,887.1,7.0,49.2
546,323.7,282.8,0.0,183.8,10.3,942.7,659.9,28.0,74.7
547,331.0,0.0,0.0,192.0,0.0,978.0,825.0,90.0,37.23
548,222.4,0.0,96.7,189.3,4.5,967.1,870.3,14.0,24.45
549,393.0,0.0,0.0,192.0,0.0,940.6,785.6,28.0,39.6
550,170.3,155.5,0.0,185.7,0.0,1026.6,724.3,7.0,10.73
551,385.0,0.0,0.0,186.0,0.0,966.0,763.0,3.0,14.7
552,387.0,20.0,94.0,157.0,13.9,938.0,845.0,3.0,25.51
553,162.0,190.1,148.1,178.8,18.8,838.1,741.4,28.0,33.76
554,233.8,0.0,94.6,197.9,4.6,947.0,852.2,56.0,27.66
555,475.0,0.0,0.0,228.0,0.0,932.0,594.0,270.0,42.13
556,375.0,93.8,0.0,126.6,23.4,852.1,992.6,7.0,45.7
557,165.0,128.5,132.1,175.1,8.1,1005.8,746.6,56.0,53.72
558,366.0,187.0,0.0,191.0,7.0,824.0,757.0,28.0,65.91
559,212.1,0.0,121.6,180.3,5.7,1057.6,779.3,28.0,24.9
560,173.5,50.1,173.5,164.8,6.5,1006.2,793.5,3.0,23.08
561,254.0,0.0,0.0,198.0,0.0,968.0,863.0,365.0,29.79
562,424.0,22.0,132.0,178.0,8.5,822.0,750.0,56.0,65.7
563,255.0,0.0,0.0,192.0,0.0,889.8,945.0,90.0,21.86
564,331.0,0.0,0.0,192.0,0.0,1025.0,821.0,7.0,17.44
565,139.6,209.4,0.0,192.0,0.0,1047.0,806.9,360.0,44.7
566,164.2,0.0,200.1,181.2,12.6,849.3,846.0,28.0,15.09
567,295.0,0.0,0.0,185.0,0.0,1069.0,769.0,28.0,25.18
568,255.0,99.0,77.0,189.0,6.0,919.0,749.0,28.0,33.8
569,323.7,282.8,0.0,183.8,10.3,942.7,659.9,7.0,49.8
570,236.0,157.0,0.0,192.0,0.0,972.6,749.1,3.0,13.57
571,212.5,0.0,100.4,159.3,8.7,1007.8,903.6,14.0,26.31
572,401.8,94.7,0.0,147.4,11.4,946.8,852.1,28.0,68.5
573,238.1,0.0,94.1,186.7,7.0,949.9,847.0,3.0,19.93
574,359.0,19.0,141.0,154.0,10.9,942.0,801.0,3.0,23.64
575,190.0,190.0,0.0,228.0,0.0,932.0,670.0,180.0,46.93
576,322.0,0.0,0.0,203.0,0.0,974.0,800.0,28.0,25.18
577,145.4,0.0,178.9,201.7,7.8,824.0,868.7,28.0,10.54
578,153.0,145.0,0.0,178.0,8.0,1000.0,822.0,28.0,19.01
579,166.1,0.0,163.3,176.5,4.5,1058.6,780.1,28.0,21.54
580,380.0,0.0,0.0,228.0,0.0,932.0,670.0,270.0,53.3
581,238.1,0.0,94.1,186.7,7.0,949.9,847.0,100.0,44.3
582,277.2,97.8,24.5,160.7,11.2,1061.7,782.5,14.0,47.71
583,190.3,0.0,125.2,166.6,9.9,1079.0,798.9,14.0,19.42
584,331.0,0.0,0.0,192.0,0.0,978.0,825.0,7.0,16.26
585,295.8,0.0,0.0,185.7,0.0,1091.4,769.3,7.0,14.84
586,250.0,0.0,0.0,182.0,0.0,1100.0,820.0,28.0,20.87
587,317.9,0.0,126.5,209.7,5.7,860.5,736.6,28.0,40.06
588,446.0,24.0,79.0,162.0,11.6,967.0,712.0,7.0,52.01
589,156.0,243.0,0.0,180.0,11.0,1022.0,698.0,28.0,37.36
590,233.8,0.0,94.6,197.9,4.6,947.0,852.2,28.0,22.84
591,254.0,0.0,0.0,198.0,0.0,968.0,863.0,3.0,9.31
592,312.9,160.5,0.0,177.6,9.6,916.6,759.5,28.0,52.45
593,310.0,0.0,0.0,192.0,0.0,1012.0,830.0,3.0,11.85
594,166.8,250.2,0.0,203.5,0.0,975.6,692.6,28.0,33.95
595,238.1,0.0,94.1,186.7,7.0,949.9,847.0,28.0,30.23
596,145.0,0.0,134.0,181.0,11.0,979.0,812.0,28.0,13.2
597,210.7,316.1,0.0,185.7,0.0,977.0,689.3,28.0,37.81
598,147.0,115.0,89.0,202.0,9.0,860.0,829.0,28.0,19.99
599,314.0,145.0,113.0,179.0,8.0,869.0,690.0,28.0,46.23
600,136.0,196.0,98.0,199.0,6.0,847.0,783.0,28.0,26.97
601,236.0,0.0,0.0,193.0,0.0,968.0,885.0,180.0,24.1
602,194.7,0.0,100.5,170.2,7.5,998.0,901.8,14.0,24.28
603,297.0,0.0,0.0,186.0,0.0,1040.0,734.0,7.0,30.96
604,222.4,0.0,96.7,189.3,4.5,967.1,870.3,56.0,29.45
605,425.0,106.3,0.0,153.5,16.5,852.1,887.1,28.0,60.29
606,491.0,26.0,123.0,201.0,3.9,822.0,699.0,3.0,29.55
607,234.0,156.0,0.0,189.0,5.9,981.0,760.0,28.0,39.3
608,168.0,42.1,163.8,121.8,5.7,1058.7,780.1,3.0,7.75
609,231.8,0.0,121.6,174.0,6.7,1056.4,778.5,28.0,33.73
610,277.1,0.0,97.4,160.6,11.8,973.9,875.6,14.0,41.89
611,366.0,187.0,0.0,191.3,6.6,824.3,756.9,28.0,65.91
612,380.0,0.0,0.0,228.0,0.0,932.0,670.0,180.0,53.1
613,172.4,13.6,172.4,156.8,4.1,1006.3,856.4,56.0,35.85
614,246.8,0.0,125.1,143.3,12.0,1086.8,800.9,28.0,52.5
615,116.0,173.0,0.0,192.0,0.0,909.8,891.9,90.0,31.02
616,147.8,175.1,0.0,171.2,2.2,1000.0,828.5,28.0,26.92
617,321.3,164.2,0.0,190.5,4.6,870.0,774.0,28.0,57.22
618,295.7,0.0,95.6,171.5,8.9,955.1,859.2,100.0,52.04
619,238.1,0.0,0.0,185.7,0.0,1118.8,789.3,7.0,10.34
620,500.0,0.0,0.0,200.0,0.0,1125.0,613.0,7.0,33.21
621,213.7,0.0,174.7,154.8,10.2,1053.5,776.4,14.0,33.73
622,331.0,0.0,0.0,192.0,0.0,1025.0,821.0,90.0,37.91
623,439.0,177.0,0.0,186.0,11.1,884.9,707.9,7.0,56.1
624,135.7,203.5,0.0,185.7,0.0,1076.2,759.3,28.0,18.2
625,173.5,50.1,173.5,164.8,6.5,1006.2,793.5,14.0,33.01
626,313.3,0.0,113.0,178.5,8.0,1001.9,688.7,28.0,36.8
627,425.0,106.3,0.0,151.4,18.6,936.0,803.7,3.0,36.3
628,213.5,0.0,174.2,159.2,11.7,1043.6,771.9,14.0,29.59
629,157.0,236.0,0.0,192.0,0.0,935.4,781.2,7.0,16.89
630,160.2,188.0,146.4,203.2,11.3,828.7,709.7,28.0,35.31
631,427.5,47.5,0.0,228.0,0.0,932.0,594.0,28.0,37.43
632,140.0,164.0,128.0,237.0,6.0,869.0,656.0,28.0,35.23
633,362.6,189.0,0.0,164.9,11.6,944.7,755.8,3.0,35.3
634,272.8,105.1,81.8,209.7,9.0,904.0,679.7,28.0,37.17
635,251.8,0.0,99.9,146.1,12.4,1006.0,899.8,3.0,21.02
636,272.8,181.9,0.0,185.7,0.0,1012.4,714.3,28.0,31.38
637,380.0,95.0,0.0,228.0,0.0,932.0,594.0,270.0,41.15
638,190.7,0.0,125.4,162.1,7.8,1090.0,804.0,56.0,35.34
639,307.0,0.0,0.0,193.0,0.0,968.0,812.0,90.0,32.92
640,203.5,135.7,0.0,185.7,0.0,1076.2,759.3,7.0,11.96
641,214.9,53.8,121.9,155.6,9.6,1014.3,780.6,3.0,18.02
642,122.6,183.9,0.0,203.5,0.0,958.2,800.1,90.0,33.19
643,193.5,290.2,0.0,185.7,0.0,998.2,704.3,28.0,32.63
644,313.3,262.2,0.0,175.5,8.6,1046.9,611.8,91.0,66.6
645,393.0,0.0,0.0,192.0,0.0,940.0,758.0,28.0,39.58
646,405.0,0.0,0.0,175.0,0.0,1120.0,695.0,28.0,52.3
647,190.3,0.0,125.2,166.6,9.9,1079.0,798.9,100.0,33.56
648,376.0,0.0,0.0,214.6,0.0,1003.5,762.4,14.0,25.62
649,150.7,0.0,185.3,166.7,15.6,1074.5,678.0,28.0,13.46
650,192.0,288.0,0.0,192.0,0.0,929.8,716.1,3.0,12.79
651,275.0,180.0,120.0,162.0,10.4,830.0,765.0,28.0,76.24
652,182.0,45.2,122.0,170.2,8.2,1059.4,780.7,3.0,7.32
653,298.2,0.0,107.0,209.7,11.1,879.6,744.2,28.0,31.88
654,500.0,0.0,0.0,200.0,0.0,1125.0,613.0,90.0,47.22
655,272.6,0.0,89.6,198.7,10.6,931.3,762.2,28.0,32.25
656,313.0,0.0,0.0,178.0,8.0,1000.0,822.0,28.0,25.1
657,132.0,206.5,160.9,178.9,5.5,866.9,735.6,28.0,33.31
658,212.1,0.0,121.6,180.3,5.7,1057.6,779.3,14.0,20.92
659,252.5,0.0,0.0,185.7,0.0,1111.6,784.3,7.0,11.48
660,143.6,0.0,174.9,158.4,17.9,942.7,844.5,28.0,15.42
661,168.0,42.1,163.8,121.8,5.7,1058.7,780.1,100.0,39.23
662,139.7,163.9,127.7,236.7,5.8,868.6,655.6,28.0,35.23
663,316.1,210.7,0.0,185.7,0.0,977.0,689.3,28.0,38.7
664,310.0,0.0,0.0,192.0,0.0,970.0,850.0,7.0,14.99
665,203.5,135.7,0.0,185.7,0.0,1076.2,759.3,28.0,22.63
666,250.0,0.0,0.0,182.0,0.0,1100.0,820.0,7.0,12.73
667,213.5,0.0,174.2,154.6,11.7,1052.3,775.5,100.0,59.3
668,173.0,116.0,0.0,192.0,0.0,946.8,856.8,3.0,6.94
669,446.0,24.0,79.0,162.0,11.6,967.0,712.0,28.0,51.02
670,382.5,0.0,0.0,185.7,0.0,1047.8,739.3,7.0,24.07
671,202.0,11.0,141.0,206.0,1.7,942.0,801.0,56.0,23.25
672,213.5,0.0,174.2,154.6,11.7,1052.3,775.5,28.0,45.94
673,277.1,0.0,97.4,160.6,11.8,973.9,875.6,100.0,55.64
674,350.0,0.0,0.0,203.0,0.0,974.0,775.0,7.0,18.13
675,236.0,0.0,0.0,193.0,0.0,968.0,885.0,365.0,25.08
676,148.0,0.0,137.0,158.0,16.0,1002.0,830.0,28.0,17.95
677,133.0,200.0,0.0,192.0,0.0,927.4,839.2,28.0,27.87
678,424.0,22.0,132.0,168.0,8.9,822.0,750.0,28.0,72.1
679,350.0,0.0,0.0,186.0,0.0,1050.0,770.0,7.0,20.28
680,155.6,243.5,0.0,180.3,10.7,1022.0,697.7,28.0,37.36
681,302.0,0.0,0.0,203.0,0.0,974.0,817.0,28.0,21.75
682,350.0,0.0,0.0,203.0,0.0,974.0,775.0,56.0,29.98
683,252.0,0.0,0.0,185.0,0.0,1111.0,784.0,28.0,19.69
684,184.0,86.0,190.0,213.0,6.0,923.0,623.0,28.0,22.93
685,531.3,0.0,0.0,141.8,28.2,852.1,893.7,3.0,41.3
686,480.0,0.0,0.0,192.0,0.0,936.2,712.2,3.0,24.4
687,181.4,0.0,167.0,169.6,7.6,1055.6,777.8,28.0,27.77
688,275.1,0.0,121.4,159.5,9.9,1053.6,777.5,100.0,58.61
689,525.0,0.0,0.0,189.0,0.0,1125.0,613.0,14.0,48.4
690,183.9,122.6,0.0,203.5,0.0,959.2,800.0,90.0,32.53
691,238.2,158.8,0.0,185.7,0.0,1040.6,734.3,7.0,15.69
692,295.7,0.0,95.6,171.5,8.9,955.1,859.2,3.0,22.95
693,289.0,0.0,0.0,192.0,0.0,913.2,895.3,28.0,25.57
694,190.0,190.0,0.0,228.0,0.0,932.0,670.0,90.0,42.33
695,277.0,117.0,91.0,191.0,7.0,946.0,666.0,28.0,43.57
696,213.8,98.1,24.5,181.7,6.7,1066.0,785.5,28.0,40.23
697,286.3,200.9,0.0,144.7,11.2,1004.6,803.7,28.0,67.7
698,236.0,157.0,0.0,192.0,0.0,972.6,749.1,28.0,32.88
699,310.0,142.8,0.0,167.9,10.0,914.3,804.0,28.0,45.3
700,230.0,0.0,118.3,195.5,4.6,1029.4,758.6,56.0,31.54
701,387.0,20.0,94.0,157.0,14.3,938.0,845.0,3.0,22.75
702,213.7,98.1,24.5,181.7,6.9,1065.8,785.4,3.0,18.0
703,446.0,24.0,79.0,162.0,11.6,967.0,712.0,3.0,25.02
704,200.0,133.0,0.0,192.0,0.0,965.4,806.2,90.0,43.25
705,387.0,20.0,94.0,157.0,11.6,938.0,845.0,7.0,41.67
706,382.0,0.0,0.0,185.0,0.0,1047.0,739.0,28.0,37.42
707,149.0,118.0,92.0,183.0,7.0,953.0,780.0,28.0,23.52
708,284.0,15.0,141.0,179.0,5.5,842.0,801.0,28.0,43.73
709,249.1,0.0,98.8,158.1,12.8,987.8,889.0,56.0,42.03
710,122.6,183.9,0.0,203.5,0.0,958.2,800.1,28.0,24.29
711,213.7,0.0,174.7,154.8,10.2,1053.5,776.4,3.0,17.57
712,376.0,0.0,0.0,214.6,0.0,1003.5,762.4,56.0,36.3
713,349.0,0.0,0.0,192.0,0.0,1047.0,806.0,28.0,32.72
714,213.7,98.1,24.5,181.7,6.9,1065.8,785.4,28.0,45.71
715,116.0,173.0,0.0,192.0,0.0,909.8,891.9,7.0,10.09
716,397.0,0.0,0.0,185.7,0.0,1040.6,734.3,7.0,25.45
717,305.3,203.5,0.0,203.5,0.0,965.4,631.0,90.0,54.6
718,212.6,0.0,100.4,159.4,10.4,1003.8,903.8,3.0,13.33
719,212.0,141.3,0.0,203.5,0.0,973.4,750.0,7.0,15.03
720,381.4,0.0,0.0,185.7,0.0,1104.6,784.3,28.0,22.49
